"","Sub","1","2","3","4","5","6","7","8","9","10","11","12","13","14","15","16","17","18","19","20","21","22","23","24","25","26","27","28","29","30"
"1","Sub01",NA,NA,NA,NA,NA,NA,NA,NA,NA,NA,NA,NA,NA,NA,NA,NA,NA,NA,NA,NA,NA,NA,NA,NA,NA,NA,NA,NA,NA,NA
"2","Sub02",NA,NA,NA,NA,NA,NA,NA,NA,NA,NA,NA,NA,NA,NA,NA,NA,NA,NA,NA,NA,NA,NA,NA,NA,NA,NA,NA,NA,NA,NA
"3","Sub03",6.30964588036117,6.32940010857763,6.3566079009434,6.35647469008264,6.37887445414847,6.40582290400972,6.37196460176991,6.38159481808159,6.29311831442464,6.27489870689655,6.37057075208914,6.36087135278515,6.34264238410596,6.41379280821918,6.25093425507901,6.2298210955711,6.33949504084014,6.17814134174312,6.2513,6.28105269683819,6.33115901162791,6.23869509275883,6.214184375,6.24630039395929,6.26507868952848,6.25757848173516,6.25876265634306,6.15348252911814,6.27537956419317,6.27787223515716
"4","Sub04",5.39433880061507,5.1695949592668,4.93207042253521,4.9220184501845,5.07026803580832,5.19597742963356,5.06764754098361,4.9015483782298,4.94091411205074,4.78577227993439,5.17365943600868,4.88139581005587,4.79200553505535,4.80481452483801,4.67542434033387,4.75815340050378,4.57829017618793,4.77796177370031,4.56696740901684,4.96136018009005,5.15913723511604,5.1256181402439,4.92429842519685,4.78118370020964,4.83854332493703,5.0151446301925,4.88924023231257,4.67962372790573,4.92590302398332,5.03319795589026
"5","Sub05",5.69096875,5.90184457831325,5.79824162436548,5.65462034161491,5.94100531208499,6.01668884892086,5.36807287449393,5.28899745870394,5.49235191082803,5.35495669824087,4.28424366706876,4.99169740853659,4.77369318181818,5.21902459016393,4.94703214285714,5.11613806818182,5.10915681233933,4.75449210526316,4.32414247669774,5.06495164835165,5.102666918429,5.16402124430956,4.6091148409894,4.92104214123007,4.49952697095436,5.42559150326797,4.99675717213115,4.6779280104712,4.70661478873239,5.50948214285714
"6","Sub06",5.38426399776036,5.47467959183673,5.52832714794103,5.41208518902123,5.44178882765531,5.56053683668212,5.71151457883369,5.65979074550129,5.43480905815749,5.50988993541442,5.23422754168908,5.45272490803994,5.1390914665304,5.05908413978495,5.2798394373673,4.96046265328874,4.91210813762971,4.93449502357255,5.19164240506329,4.99444675186369,4.92415880169671,5.24762692103869,5.2642873651772,5.43368617558022,5.39515396659708,5.37026889613921,5.26707045215563,5.26243948051948,5.03575224511358,5.3169795212766
"7","Sub07",NA,NA,NA,NA,NA,NA,NA,NA,NA,NA,NA,NA,NA,NA,NA,NA,NA,NA,NA,NA,NA,NA,NA,NA,NA,NA,NA,NA,NA,NA
"8","Sub08",5.07533451536643,5.45097577092511,5.25768926553672,5.34214436619718,5.53137049180328,5.41982614555256,5.26511231884058,5.28183628318584,5.32971396396396,5.48976774193548,5.17752479338843,5.05274519230769,5.15794782608696,5.22615254237288,5.15056626506024,5.21789198606272,5.18891911764706,5.37606204379562,5.39536647727273,5.22252380952381,5.14445283018868,5.10714356435644,5.07250531914894,5.02484939759036,4.96036567164179,5.34831481481481,5.08831506849315,5.08971014492754,4.83909448818898,4.95765151515152
"9","Sub09",NA,NA,NA,NA,NA,NA,NA,NA,NA,NA,NA,NA,NA,NA,NA,NA,NA,NA,NA,NA,NA,NA,NA,NA,NA,NA,NA,NA,NA,NA
"10","Sub10",NA,NA,NA,NA,NA,NA,NA,NA,NA,NA,NA,NA,NA,NA,NA,NA,NA,NA,NA,NA,NA,NA,NA,NA,NA,NA,NA,NA,NA,NA
"11","Sub11",NA,NA,NA,NA,NA,NA,NA,NA,NA,NA,NA,NA,NA,NA,NA,NA,NA,NA,NA,NA,NA,NA,NA,NA,NA,NA,NA,NA,NA,NA
"12","Sub12",NA,NA,NA,NA,NA,NA,NA,NA,NA,NA,NA,NA,NA,NA,NA,NA,NA,NA,NA,NA,NA,NA,NA,NA,NA,NA,NA,NA,NA,NA
"13","Sub13",5.60804005252791,5.53959919571046,5.52100848608282,5.44751603498542,5.67721318114875,5.48514068265683,5.47667755443886,5.18986519790889,5.16035622025833,5.15894260634706,4.81827386070507,4.7921795221843,4.77766131989001,4.82184584548105,5.00674236334405,5.25039918699187,4.95840601243953,5.10547450248756,5.39358679373724,5.18513010408327,5.18366889074229,4.68272017045455,5.12785430916553,4.87970215133531,4.65210573630137,4.95580289193303,5.16251674008811,4.81787998303647,4.57834210526316,4.85583625987709
"14","Sub14",NA,NA,NA,NA,NA,NA,NA,NA,NA,NA,NA,NA,NA,NA,NA,NA,NA,NA,NA,NA,NA,NA,NA,NA,NA,NA,NA,NA,NA,NA
"15","Sub15",NA,5.57470202020202,5.51282789317507,5.76479265285996,5.75838384345208,5.89893058300395,6.03098472906404,5.85906609914872,5.80015611083622,5.76141254462009,5.78252060301508,5.73127973240832,5.69265419161677,5.62740558912387,5.58811086198306,5.47870488431877,5.46703221649484,5.69888828202582,5.5980600725013,5.44416966580977,5.24422709497207,5.44357518610422,5.51979457953394,5.62671361152509,5.75775025252525,5.59427669647554,5.36732553075667,5.56218946301925,5.82501620947631,5.27639295618414
"16","Sub16",NA,NA,NA,NA,NA,NA,NA,NA,NA,NA,NA,NA,NA,NA,NA,NA,NA,NA,NA,NA,NA,NA,NA,NA,NA,NA,NA,NA,NA,NA
"17","Sub17",5.42997094188377,5.26911318847903,5.33427238239757,5.25996576032226,5.12899326347305,5.27655259184701,5.27128128103277,5.31500653594771,5.37304564208355,5.25138982035928,5.33809958613554,5.3249248349416,5.20106643180674,5.06052356164384,5.31463572149344,5.30669575471698,5.18878708860759,5.19740631262525,5.05609844559585,5.21017571721312,5.07832421875,5.08868689690198,5.19971252515091,5.36096107628004,5.33191904500549,5.22286349771225,5.2999237244898,5.21891752312436,4.98387063351095,5.11384809767178
"18","Sub18",6.15982809381237,6.19243996960486,6.23175767488676,6.15744648478489,6.03788120104439,6.04144510309278,6.08344714809001,5.96626737004632,6.03285784032165,5.87400981953291,5.90766590779738,5.74468756558237,5.84015185185185,5.78612420212766,5.9556938672073,5.87528278041074,5.72620835495589,5.6493072945019,5.72921232179226,5.93032775836246,5.72155472103004,5.93019341563786,5.86124333836099,5.79676018220793,5.78901885289432,5.8806217948718,5.87871491002571,5.81375770811922,5.91046732726299,5.51767039473684
"19","Sub19",NA,NA,NA,NA,NA,NA,NA,NA,NA,NA,NA,NA,NA,NA,NA,NA,NA,NA,NA,NA,NA,NA,NA,NA,NA,NA,NA,NA,NA,NA
"20","Sub20",NA,NA,NA,NA,NA,NA,NA,NA,NA,NA,NA,NA,NA,NA,NA,NA,NA,NA,NA,NA,NA,NA,NA,NA,NA,NA,NA,NA,NA,NA
"21","Sub21",4.26027092760181,4.28363457389428,4.27557245974459,4.24545700725851,4.34200697424893,4.24267338935574,4.40449770378875,4.38784404173531,4.32091709111488,4.14921828254848,4.13971409287257,4.35039147074904,4.40801592356688,4.3724027173913,4.38506867535288,4.28297621621622,4.21322557628979,4.08950605060506,4.13275600436681,4.00161256395679,4.17867194444444,4.10032743114109,4.04355947012401,3.96667458970006,4.05185726447219,3.94076934015927,4.15594256174612,3.89267040358744,4.04529624516841,4.0913036338225
"22","Sub22",5.61549179879716,5.63716866485014,5.38325769854133,5.42408397365532,5.46127913783928,5.63264365971108,5.72510311493018,5.41371702367531,5.32880356133409,5.14937299391256,5.50384810464495,5.58947635494155,5.69216953125,5.5325345484222,5.54657474226804,5.35519377990431,5.46453721174004,5.24870788336933,5.43562700534759,5.17752034383954,5.16410667752443,5.16351114827202,5.25781847303791,5.00053114571746,5.05700737302021,4.92184968803176,5.00644590251741,5.15921967299578,5.07358566058002,5.34742277227723
"23","Sub23",NA,NA,NA,NA,NA,NA,NA,NA,NA,NA,NA,NA,NA,NA,NA,NA,NA,NA,NA,NA,NA,NA,NA,NA,NA,NA,NA,NA,NA,NA
"24","Sub24",6.31817806197737,6.27007279881948,6.21093763102725,6.12388886113886,6.22263214108296,6.22543617021277,6.0494247810407,6.1118588410104,6.11439461418954,6.14549471565174,6.13343631368631,6.19320844122216,6.06444498217015,6.04463168044077,5.9829875463699,6.02812815773259,6.06415803413773,5.96483744974153,5.9869617453676,6.10867798913043,5.99659218590398,6.05723974358974,6.05515836963286,6.07837231430325,5.95205899470899,5.9389797334814,6.03328058936579,6.03691068082448,6.06994470450556,6.02307610474632
"25","Sub25",4.31337692307692,4.3138624535316,4.18024698795181,4.27865506849315,4.36483921676779,4.25924128827878,4.56585535617183,4.52483333333333,4.52525467664351,4.36891061130334,4.38628779395297,4.42157760880965,4.33680378378378,4.53119745575221,4.30221990238612,4.4197632459565,4.32647491995731,4.23528269126424,4.57818730074389,4.6008202247191,4.31226373626374,4.54374533195021,4.60892907417434,4.32374793174767,4.46559754825248,4.34110804157549,4.38922835990888,4.52382395950506,4.56990717455621,3.8991490318119
"26","Sub26",5.26820646766169,5.36716982097187,5.46894620611552,5.51280984400215,5.51518553123332,5.51641206709957,5.45071486486486,5.44121655518395,5.37093060996083,5.49842273441592,5.57793743482795,5.38955864864865,5.34258147942158,5.28034513546798,5.61485440414508,5.47764471243043,5.57830968586387,5.5433186412128,5.53823457178841,5.51287466161343,5.37209123055163,5.51000586756077,5.61056482064191,5.3480498630137,5.29314967925873,5.45252890724269,5.5185,5.53747178683386,5.43152256851155,5.34485388661601
"27","Sub27",NA,NA,NA,NA,NA,NA,NA,NA,NA,NA,NA,NA,NA,NA,NA,NA,NA,NA,NA,NA,NA,NA,NA,NA,NA,NA,NA,NA,NA,NA
"28","Sub28",5.42901923076923,5.34709756097561,6.11697727272727,5.89828409090909,5.8071875,5.6655462962963,5.66443055555556,5.71341176470588,5.78078378378378,5.02488596491228,5.68228571428571,5.70981395348837,6.26006,5.85392857142857,5.82034090909091,5.69359259259259,5.90420481927711,5.547864,5.87290384615385,5.59205681818182,6.09005479452055,5.77186885245902,5.9519552238806,5.72885858585859,5.61374074074074,6.03951818181818,5.70498192771084,5.38734969325153,5.45548,5.85586595744681
"29","Sub29",5.91179858657244,5.96847617840851,6.04348930208864,5.98750702458605,6.06280996494742,5.94472589601212,6.00945753768844,6.02185306122449,5.9211755877939,5.97797614264189,5.93507261306533,5.92340833751883,6.05032825976662,5.99419420654912,5.90798100263852,6.05993140703518,5.845537711647,5.9655274559194,5.93719486027944,5.96241483375959,6.02056134969325,5.9193598858329,5.88971920668058,6.03799251033058,6.13754079079079,6.16467349519474,6.14183935845214,6.12962994491738,6.13392400824317,5.8876504587156
"30","Sub30",5.93754222553403,6.27604833836858,6.08082586814293,6.06611779835391,5.95766328085323,5.98297069226882,6.01312532773991,6.0123767550702,5.99273566717402,6.03738048651507,6.10355535894843,6.14542656641604,6.16038630556975,6.10919625448948,6.03340779014308,5.76864438943894,5.66846542261251,6.00120653347732,5.95659143155695,5.99695162162162,5.96643865679535,5.90729744816587,5.90192762487258,5.850035,6.0206884992264,5.63582189378758,5.53771760710554,5.80954669156884,5.86156091238984,5.67040081919251
"31","Sub31",5.38011761426979,5.42729231210556,5.46578097345133,5.41180662983425,5.5299469983775,5.46892807486631,5.45333145065398,5.22859394631639,5.44925321408608,5.52469367909238,5.07980665349144,5.34560863509749,5.37943914868106,5.49045327102804,5.4521423418424,5.37091332611051,5.45819144773617,5.39058810810811,5.35492904656319,5.29476201505501,5.44534924199888,5.39894605116796,5.41443014705882,5.38745767340251,5.44094115990991,5.40787783595113,5.44316147859922,5.35817265110712,5.34211725917431,5.1588440073193
"32","Sub32",NA,NA,NA,NA,NA,NA,NA,NA,NA,NA,NA,NA,NA,NA,NA,NA,NA,NA,NA,NA,NA,NA,NA,NA,NA,NA,NA,NA,NA,NA
"33","Sub33",NA,NA,NA,NA,NA,NA,NA,NA,NA,NA,NA,NA,NA,NA,NA,NA,NA,NA,NA,NA,NA,NA,NA,NA,NA,NA,NA,NA,NA,NA
"34","Sub34",NA,NA,NA,NA,NA,NA,NA,NA,NA,NA,NA,NA,NA,NA,NA,NA,NA,NA,NA,NA,NA,NA,NA,NA,NA,NA,NA,NA,NA,NA
"35","Sub35",NA,NA,NA,NA,NA,NA,NA,NA,NA,NA,NA,NA,NA,NA,NA,NA,NA,NA,NA,NA,NA,NA,NA,NA,NA,NA,NA,NA,NA,NA
"36","Sub36",5.12569338677355,5.20038506926629,5.07136089841756,5.15100557244174,5.23543396711202,5.33666946138211,5.29622536634664,5.34894974619289,5.22232351274788,5.23631913303438,5.41774773185484,5.35932753403933,5.40418624497992,5.39787200598802,5.33958791208791,5.40309490156487,5.31971828171828,5.28280755667506,5.19162679671458,5.37482023868722,5.25821849173554,5.25422845486996,5.26118572849329,5.32418775303644,5.26570365731463,5.31911086309524,5.25345095017976,5.43880963972736,5.29134014778325,4.75477262931035
"37","Sub37",5.34073808262712,5.36096927374302,5.3375069752695,5.38909486040609,5.26848927038627,5.38016687268232,5.18413361045131,5.22215853658537,5.15878808864266,5.15616440568475,5.16710919220056,5.33009600225225,5.25485082246171,5.19875684210526,5.19153740875912,5.21086500268384,5.15648520900322,5.17322212336892,5.21146880222841,5.01573244382022,5.07225675675676,5.12792814569536,5.18275494722955,5.22253836556457,5.29494221260816,5.2221642599278,5.18411610006414,5.21608429351122,5.32717793240557,5.11744734151329
"38","Sub38",5.72072957393484,5.75582450832073,5.79452904564315,5.61434735516373,5.65396198388721,5.71502246340232,5.75399022130726,5.68656806680162,5.68113089683774,5.6968143153527,5.5912523364486,5.59956114745848,5.57119057591623,5.69965917407214,5.67213209033613,5.6800203972088,5.53015489989463,5.60733509793542,5.58932495858642,5.48901692139738,5.47485168195719,5.29217229902714,5.6086043956044,5.49277070552147,5.42321062271062,5.46758483086681,5.62164838544336,5.46335165662651,5.59866138763198,5.12052263157895
"39","Sub39",4.35355250123824,4.29144543209877,4.39612643106023,4.56812069813176,4.6893825256975,3.95928731343284,4.42875471217524,4.0510696233895,4.29611075481006,4.0573647845468,4.06813374384236,4.23029539892315,4.30500074220683,4.10070270935961,3.84386858974359,4.32441551724138,4.37318348623853,3.97144048804781,4.27004754754755,4.14314649520928,3.74451724137931,3.82420698254364,3.72680165912519,4.13532003988036,3.66327132169576,4.11013809288538,4.3351829328102,3.91105168150346,4.50729011425733,3.8770086690464
"40","Sub40",5.37642323130958,5.48109317718941,5.43150378024194,5.38090923317684,5.51263663514186,5.41544828456105,5.3919376247505,5.29873638676845,5.36613650228775,5.41616700559227,5.39014640883978,5.4777252803262,5.38522225012557,5.41966701030928,5.3132372528616,5.30049889988999,5.52276633416459,5.40285420944558,5.30982151710461,5.37851437941473,5.29232162458836,5.29554646936656,5.44857721587819,5.21859743589744,5.34404845256215,5.43955017921147,5.40047482197355,5.38276484254001,5.42633775,5.32907212543554
"41","Sub41",NA,NA,NA,4.55829039115646,4.63528682755153,4.60977111785534,4.58388560411311,4.59685728848114,4.57504673857216,4.59530080482897,4.67355482233503,4.62078263077704,4.63386953204476,4.67752791878173,4.65945268542199,4.63899576271186,4.59895347593583,4.74056682769726,4.6583745463971,4.52936275012827,4.60039916623241,4.62786986666667,4.52078317659352,4.7426471334348,4.71241604197901,4.712624749499,4.63388610135474,4.6053372569089,4.58603031860226,4.34805087719298
"42","Sub42",NA,NA,NA,NA,NA,NA,NA,NA,NA,NA,NA,NA,NA,NA,NA,NA,NA,NA,NA,NA,NA,NA,NA,NA,NA,NA,NA,NA,NA,NA
"43","Sub43",3.46867164599775,3.79144854881266,4.12301033499644,3.40595585412668,3.9943073489011,4.23081754874652,4.17527892287234,4.19147668038409,3.8757744665195,4.18584766162311,4.04721679946879,3.92784515050167,4.12946972477064,3.90154974160207,4.22746202531646,4.38488901179941,3.99147189922481,4.18867001338688,4.24257207792208,4.11541717791411,3.87950440379404,3.78906405817174,4.21922340425532,4.1465623624358,4.0678860645933,4.12009080633007,4.01791294117647,4.24772967189729,4.2327354925776,3.7121372745491
"44","Sub44",NA,NA,NA,NA,NA,NA,NA,NA,NA,NA,NA,NA,NA,NA,NA,NA,NA,NA,NA,NA,NA,NA,NA,NA,NA,NA,NA,NA,NA,NA
"45","Sub45",6.19003018372703,6.28795913088464,6.24901089324619,6.16056061381074,6.06636437659033,6.00154223918575,6.07506297229219,6.16072332118688,6.02555803800719,5.97280599288979,5.92224097938144,5.76690880503145,5.83837897435897,5.76214270994333,5.8917691689008,5.89523299492386,5.82141241451867,5.65384964139344,5.7457822327044,5.69580504466632,5.47194938016529,5.51379606681034,5.54668253138075,5.48170798022599,5.50921747519294,5.4292802259887,5.65013602746962,5.8077847976308,5.92098025666338,5.727099626401
"46","Sub46",5.06462184648417,5.1035538585209,5.13391422594142,5.1794562727746,5.30906578947368,5.22578264373993,5.1796036201469,5.16485635792779,5.25587340425532,5.03936223404255,5.13656841261358,4.87132626146789,4.82136077922078,5.05018062966916,4.81088182773109,5.02445841889117,5.08611196400212,5.25938741900648,5.10224644923724,5.1292925729443,5.08476229079498,5.00881677817808,4.95374062301335,4.9463335173937,4.89398991825613,5.09441059782609,5.0927179209529,4.97071586715867,4.94254201680672,4.88426423877327
"47","Sub47",5.00933333333333,5.20565336590662,4.91816010781671,5.10021135892116,5.24858568496665,5.22139492753623,5.20855621761658,5.32273860021209,5.11604935965848,5.20623622881356,5.27678162486369,5.2912666130761,5.18285028541775,5.3560976783692,5.30079921465969,5.09766095890411,5.35657887975334,4.90494066047472,4.97169899577167,4.93625094136633,4.99759454449153,4.86417888947093,5.18891692546584,5.04624371993586,5.03078684627575,5.1542219413549,5.0617276099629,5.021705624355,5.28696095387841,4.98594932432432
"48","Sub48",6.26162661370407,6.12038694105691,6.14511138613861,6.26744807788318,6.13083624127617,6.09375774225774,6.09106155398587,6.00764271203657,6.09381447170756,5.92071432160804,5.95179614807404,5.8510945945946,5.9963885,5.98799974554707,6.01173208955224,6.0107678126557,5.96449430411095,6.06988897205589,6.03643725,6.06770883233533,6.04101595470921,6.19968341708543,6.0977970074813,5.96571135567784,5.91197688751926,6.0445964781746,5.93732929345023,6.00475490196078,5.85406481952212,5.84559525357607
"49","Sub49",NA,NA,NA,NA,NA,NA,NA,NA,NA,NA,NA,NA,NA,NA,NA,NA,NA,NA,NA,NA,NA,NA,NA,NA,NA,NA,NA,NA,NA,NA
"50","Sub50",5.30673158963941,5.42617872570194,5.67485437401781,5.60283292262198,5.45797772772773,5.42269006147541,5.53238215158924,5.38819330289193,5.56284319085487,5.50045521255061,5.33491629519564,5.12656874059207,5.166152685422,5.27605281173594,5.07988844621514,5.07842210682493,5.3784114713217,5.37914434008898,5.02608471177945,4.9888688484252,4.99371100244499,5.4293336599706,5.05356751370204,5.28635896793587,5.0444314796425,5.08356989515726,5.02272770069376,5.23179267689263,5.14290436488475,4.98628391959799
"51","Sub51",4.73909081836327,4.82245748160262,4.87036470926885,4.82679154433353,4.83238758782201,4.79018686599039,4.84373904761905,4.72870214669052,4.82666605571848,4.6733347826087,4.81329939792009,4.74311371629543,4.66066136363636,4.74286521483225,4.78292508143323,4.73816362631288,4.71210198555957,4.69944372171946,4.72653242542153,4.72580145598941,4.81991607026675,4.68123498349835,4.82386006637168,4.87648647871116,4.74744975639464,4.66398915009042,4.83313318356868,4.76443670462157,4.66622844827586,4.69417486338798
"52","Sub52",NA,NA,NA,NA,NA,NA,NA,NA,NA,NA,NA,NA,NA,NA,NA,NA,NA,NA,NA,NA,NA,NA,NA,NA,NA,NA,NA,NA,NA,NA
"53","Sub53",5.41712653261403,5.36022203224231,5.38667108492882,5.2424672691744,5.22786554416789,5.12560867446394,5.21389467253177,5.38834442270059,5.30002298566485,5.3077953762912,5.2775024888004,5.33579085941381,5.30243351593626,5.22896226415094,5.3623048299655,5.27219290953545,5.35156866110839,5.26568453255017,5.11722374206155,5.14221270853778,5.16324182528062,5.21863753651412,5.21116081015129,5.11293444227006,4.91917984382626,5.08957393850659,5.14149216837983,4.95273824681685,4.96835434036292,4.80862143331121
"54","Sub54",5.22936956521739,5.48321294247788,5.43552870813397,5.34607582298975,5.11762215758858,4.75086133122029,5.2244454887218,5.14180868167203,5.17504552509053,5.27672734671731,5.233965835141,4.84528013208586,5.09491112322792,4.96833504043127,5.02182380428807,4.64068471104609,5.27807937365011,5.08795842450766,4.9883262506724,4.70783109919571,5.15013376136972,4.89333360881543,5.18011062176166,4.82316586666667,5.09514143007361,5.07256907545165,4.95597853604843,4.75946866630959,5.16429661912308,5.13860154155496
"55","Sub55",4.64051229079498,4.71423234984194,4.77480525,4.70392363261094,4.76725189298334,4.62412733887734,4.89879360921949,4.61131560662747,4.71077909426014,4.68311986131748,4.63364181818182,4.63382314862765,4.73755164556962,4.69726232841891,4.44255043149946,4.43365917503966,4.58430574236937,4.63905417314671,4.68039375655824,4.68744119184527,4.53414077669903,4.41846783416726,4.39051260273973,4.41134380664653,4.19363951011715,4.20080668756531,4.21788430173293,4.31257982319293,4.080488,4.08366262626263
"56","Sub56",NA,NA,NA,NA,NA,NA,NA,NA,NA,NA,NA,NA,NA,NA,NA,NA,NA,NA,NA,NA,NA,NA,NA,NA,NA,NA,NA,NA,NA,NA
"57","Sub57",NA,NA,NA,NA,NA,NA,NA,NA,NA,NA,NA,NA,NA,NA,NA,NA,NA,NA,NA,NA,NA,NA,NA,NA,NA,NA,NA,NA,NA,NA
"58","Sub58",4.62579483837331,4.70690061951471,4.74607870606215,4.9111153262519,5.00219001490313,4.97030995024876,4.86120958694544,4.89025550550551,4.89699189873418,4.80723638232271,4.87312923159592,4.79118708524758,4.80791146366428,5.04400810947795,4.94242585170341,4.95690755667506,4.94094910625621,4.9920490797546,4.78316767523954,4.85631768774704,4.97966283055828,5.02233107088989,4.83574402390438,4.76802608915907,4.75660420892495,4.64969362363919,4.76053836571998,4.84675178207739,4.82424329692155,4.86281180811808
"59","Sub59",6.22264807502468,6.42773443675889,6.27456604721246,6.21198684210526,6.12276803359684,6.15382529821074,6.26380137322217,6.15567195367573,6.25425808977035,6.18403680520781,6.3357513798294,6.27785825780463,6.37715643863179,6.26340194610778,6.15012493740611,6.08202382159149,6.27252967581047,6.31037235116044,6.22258027750248,6.12073042616452,6.1247653617443,6.25283851084813,6.15921768707483,6.30914098116947,6.1179001610306,6.19400171568627,6.18820039880359,6.18510861983059,6.19191695247428,6.12089591439689
"60","Sub60",NA,NA,NA,NA,NA,NA,NA,NA,NA,NA,NA,NA,NA,NA,NA,NA,NA,NA,NA,NA,NA,NA,NA,NA,NA,NA,NA,NA,NA,NA
"61","Sub61",6.16623358974359,6.2005116156283,6.61973679727428,6.60283890339426,6.28167782851345,6.34335669291339,6.41980016051364,6.46033460172501,6.1203933479934,6.28380182463254,5.98512882653061,6.17823573952549,6.13982082452431,6.1363698630137,6.31466065073716,6.30309821882952,6.07042295258621,6.27012114656571,6.10958683779356,5.64868267530937,5.83527921719956,5.67107243916242,5.94026287051482,5.78427611168563,6.1499596186203,5.97018791390729,5.58149584076055,5.78017730125523,5.84396581196581,5.84158333333333
"62","Sub62",5.40428840125392,5.47829358353511,5.48506684350133,5.42909551451187,5.5084634727369,5.59168269720102,5.50599196474857,5.48680850487541,5.55885114702815,5.57242842323651,5.59011770943796,5.61609937888199,5.61739741602067,5.60450867789689,5.62222672064777,5.54529394426581,5.53293901795143,5.6199874497992,5.55430418848168,5.48774330235101,5.53509725158562,5.57055588876772,5.53369635306554,5.54552689030884,5.46429179810726,5.48890601900739,5.52081375064135,5.44807001561687,5.55987112299465,5.3913788083954
"63","Sub63",5.08462802170696,5.09411019490255,5.15226581963129,5.21352475247525,5.19789289239882,5.12898519249753,5.08722687007874,5.1668921812749,5.072860217714,5.02926211671612,5.2132917285785,5.11539974811083,5.07995826812728,5.17046423248882,5.15748851722416,5.16376794493609,5.05674230186774,5.05483874239351,5.10831559405941,5.13557139278557,5.11060897755611,5.15342688330871,5.00083580183861,5.08137388059702,5.14894710825507,5.04819422110553,5.03351525590551,5.18551153657339,5.24094559330379,5.13109044585987
"64","Sub64",5.14454376731302,5.20740476190476,5.18638624019312,5.23802954545455,5.20592647058823,5.15667372881356,5.17995653333333,5.21297931605074,5.05972524483134,5.1264897336293,5.06018916570104,5.00310906040268,4.96844070236039,4.98180505709625,4.98402272727273,4.99586547945206,4.98431860338243,5.02591866588648,4.8950796265788,4.92221017328116,4.9378113660619,4.80703901895206,4.82204588963964,4.81942557651992,4.76202665544332,4.72256904487917,4.70554820936639,4.85082019562716,4.91196033105023,4.99987567776917
