Sub,1,2,3,4,5,6,7,8,9,10,11,12,13,14,15,16,17,18,19,20,21,22,23,24,25,26,27,28,29,30
Sub01,NA,NA,NA,NA,NA,NA,NA,NA,NA,NA,NA,NA,NA,NA,NA,NA,NA,NA,NA,NA,NA,NA,NA,NA,NA,NA,NA,NA,NA,NA
Sub02,NA,NA,NA,NA,NA,NA,NA,NA,NA,NA,NA,NA,NA,NA,NA,NA,NA,NA,NA,NA,NA,NA,NA,NA,NA,NA,NA,NA,NA,NA
Sub03,6.308801831,6.337923784,6.363437371,6.349817714,6.404389497,6.391504359,6.351516457,6.366839748,6.276553825,6.258381337,6.370920682,6.3627495,6.31312868,6.385443845,6.240358455,6.202687991,6.315735979,6.153544953,6.221653082,6.280360893,6.317185136,6.242853138,6.186177348,6.234804417,6.273571894,6.243097201,6.223820451,6.131998012,6.274603583,6.298238435
Sub04,5.424833846,5.153937926,4.933857068,4.923093418,5.073486624,5.197331638,5.06773812,4.903991676,4.942440895,4.786317201,5.175709448,4.884496056,4.793887636,4.804689402,4.674970748,4.758301024,4.580092637,4.778274615,4.566282882,4.963052547,5.15849237,5.125992861,4.924169243,4.779927133,4.840240071,5.010292614,4.888380129,4.67702862,4.92784306,5.033465328
Sub05,5.727995924,5.571,5.2345,5.148,5.877597222,6.0838,5.277924242,4.6447,5.658833333,4.1345,5.389833333,4.8165,5.1465,4.894,4.744457143,5.019092105,5.643883333,5.758428571,5.12825,5.259875,5.272166667,5.71490566,4.690369498,5.608267857,4.94475,5.737,4.986,4.624880952,4.336375,5.311875
Sub06,5.386155267,5.482007443,5.54472573,5.42475849,5.447188204,5.574175218,5.728071999,5.666761662,5.451403599,5.513301637,5.250852966,5.450633397,5.143811052,5.063912273,5.283112598,4.958058127,4.908511615,4.943494381,5.187401943,5.018763114,4.909140334,5.269160541,5.264980922,5.434105796,5.402267369,5.370615376,5.285215804,5.275202154,5.041017574,5.313979446
Sub07,NA,NA,NA,NA,NA,NA,NA,NA,NA,NA,NA,NA,NA,NA,NA,NA,NA,NA,NA,NA,NA,NA,NA,NA,NA,NA,NA,NA,NA,NA
Sub08,5.089,4.8205,5.008333333,4.4125,4.645,5.33925,5.6,5.2215,5.0393,5.2907,4.599,5.0035,4.91925,4.61,5.014,4.904,5.34,4.966625,5.166,5.3095,5.0986,4.65675,5.1415,5.0815,4.636125,4.801666667,5.229,3.875,4.644,5.00075
Sub09,NA,NA,NA,NA,NA,NA,NA,NA,NA,NA,NA,NA,NA,NA,NA,NA,NA,NA,NA,NA,NA,NA,NA,NA,NA,NA,NA,NA,NA,NA
Sub10,NA,NA,NA,NA,NA,NA,NA,NA,NA,NA,NA,NA,NA,NA,NA,NA,NA,NA,NA,NA,NA,NA,NA,NA,NA,NA,NA,NA,NA,NA
Sub11,NA,NA,NA,NA,NA,NA,NA,NA,NA,NA,NA,NA,NA,NA,NA,NA,NA,NA,NA,NA,NA,NA,NA,NA,NA,NA,NA,NA,NA,NA
Sub12,NA,NA,NA,NA,NA,NA,NA,NA,NA,NA,NA,NA,NA,NA,NA,NA,NA,NA,NA,NA,NA,NA,NA,NA,NA,NA,NA,NA,NA,NA
Sub13,5.618785649,5.538861908,5.558772358,5.475499279,5.730147538,5.470613135,5.413887377,5.141871063,5.050301249,5.151696082,4.706513196,4.725064143,4.641116666,4.811296034,4.919441596,5.232187802,4.887379448,5.115426819,5.311176007,5.216876796,5.113629299,4.655368804,5.191731373,4.836099462,4.621463798,4.899202703,5.105682051,4.724874656,4.506638851,4.722893915
Sub14,NA,NA,NA,NA,NA,NA,NA,NA,NA,NA,NA,NA,NA,NA,NA,NA,NA,NA,NA,NA,NA,NA,NA,NA,NA,NA,NA,NA,NA,NA
Sub15,5.7065,5.588062568,5.519088373,5.765624198,5.760442291,5.898383929,6.030819695,5.861347197,5.800339118,5.761508449,5.783435749,5.732002981,5.694222472,5.628486488,5.58884033,5.480604134,5.467439226,5.697554786,5.599481975,5.444713395,5.243365044,5.444128408,5.522187914,5.626390359,5.758335616,5.599674574,5.371002635,5.56440617,5.82651001,5.273144547
Sub16,NA,NA,NA,NA,NA,NA,NA,NA,NA,NA,NA,NA,NA,NA,NA,NA,NA,NA,NA,NA,NA,NA,NA,NA,NA,NA,NA,NA,NA,NA
Sub17,5.429920401,5.273281949,5.334023483,5.257119226,5.130034793,5.275280003,5.266311013,5.319995137,5.355255717,5.195857943,5.370850316,5.334450404,5.199681218,5.044688024,5.322481547,5.291267765,5.188225531,5.205542495,5.041625364,5.209477388,5.092044688,5.089654368,5.205285874,5.351851296,5.35827466,5.221611538,5.311057808,5.225172147,4.977453712,5.086954689
Sub18,6.161484016,6.189710174,6.236543523,6.143580913,6.031530006,6.037211263,6.080971761,5.967302865,6.027020286,5.878573207,5.9101849,5.746859628,5.830918214,5.795983259,5.955906265,5.877110481,5.725385257,5.639916059,5.736240502,5.929054607,5.721779649,5.928176428,5.864233215,5.797921772,5.788927433,5.878246424,5.879422859,5.813410212,5.908735347,5.506334147
Sub19,NA,NA,NA,NA,NA,NA,NA,NA,NA,NA,NA,NA,NA,NA,NA,NA,NA,NA,NA,NA,NA,NA,NA,NA,NA,NA,NA,NA,NA,NA
Sub20,NA,NA,NA,NA,NA,NA,NA,NA,NA,NA,NA,NA,NA,NA,NA,NA,NA,NA,NA,NA,NA,NA,NA,NA,NA,NA,NA,NA,NA,NA
Sub21,4.264092025,4.278609977,4.275225328,4.243555634,4.334892337,4.228827262,4.393064059,4.389816538,4.309316872,4.145330295,4.136310592,4.347942397,4.402629901,4.370831064,4.382586186,4.267151809,4.207045772,4.077297123,4.124235078,3.994757303,4.18296672,4.103997309,4.038809963,3.960200561,4.044807759,3.937344692,4.148517215,3.884787637,4.043260318,4.091994587
Sub22,5.615267546,5.646138018,5.374144134,5.430171206,5.467578405,5.634098039,5.724963428,5.421201664,5.313466139,5.140519947,5.519097969,5.604288189,5.695311225,5.537501562,5.551041819,5.355750949,5.479960001,5.251975635,5.435605869,5.180818546,5.164553444,5.16645653,5.259510688,5.002881194,5.061022304,4.921935025,5.009566903,5.155793655,5.076889221,5.353730008
Sub23,NA,NA,NA,NA,NA,NA,NA,NA,NA,NA,NA,NA,NA,NA,NA,NA,NA,NA,NA,NA,NA,NA,NA,NA,NA,NA,NA,NA,NA,NA
Sub24,6.315882325,6.279592362,6.214388252,6.119312981,6.228994468,6.207202698,6.037091656,6.123893497,6.104898569,6.148674404,6.152119873,6.172188845,6.05540631,6.038791308,5.98705081,5.951128403,6.039890355,5.95500529,5.989853304,6.092366306,5.945212002,6.053170614,6.060429314,6.104817952,5.949870739,5.90299429,5.955187678,5.947944184,5.957713846,5.914543703
Sub25,4.301437778,4.303075377,4.148018723,4.262652568,4.362407441,4.238614602,4.553372615,4.515200705,4.486785936,4.326600762,4.352928556,4.387396411,4.32806796,4.52596192,4.207177729,4.397486233,4.315208101,4.229423987,4.559116195,4.587190637,4.293861775,4.546334793,4.568605854,4.320390465,4.461720014,4.342647449,4.338343459,4.511413646,4.546891544,3.893738105
Sub26,5.30583363,5.305636363,5.51791682,5.534497968,5.609373797,5.536209256,5.453204212,5.4525522,5.367708388,5.580419251,5.625188023,5.425046312,5.367187337,5.235770498,5.698417937,5.514202472,5.569139394,5.531606609,5.543873562,5.591319818,5.433943548,5.557999118,5.644417553,5.426463644,5.350621706,5.499315296,5.557719517,5.587916136,5.401576287,5.37098835
Sub27,NA,NA,NA,NA,NA,NA,NA,NA,NA,NA,NA,NA,NA,NA,NA,NA,NA,NA,NA,NA,NA,NA,NA,NA,NA,NA,NA,NA,NA,NA
Sub28,5.4295,5.4295,5.4295,5.4295,5.4295,5.0228,5.2455,5.4175,5.5895,5.52375,5.52375,5.458,5.915,6.06525,6.06525,6.2155,5.90525,5.90525,5.595,5.006,5.3405,5.90875,5.90875,5.90875,NA,6.2455,5.926,5.5085,6.135,5.40695
Sub29,5.918579406,5.973278715,6.047687287,5.985941579,6.061795905,5.94951874,6.010692893,6.025231247,5.921397838,5.985119915,5.935076772,5.923618511,6.054667225,5.99353938,5.912094013,6.061807204,5.851647214,5.969096612,5.94159264,5.964010603,6.027048558,5.926797976,5.895700852,6.039895568,6.143769036,6.165738176,6.147458967,6.137163665,6.134764166,5.872724041
Sub30,5.932163123,6.274914968,6.08582018,6.063848456,5.963226,5.97235276,6.022664833,6.013086135,6.001438627,6.055496293,6.113055091,6.150224459,6.168238337,6.118287945,6.039923856,5.784396424,5.683720141,6.021477791,5.968348714,6.005324456,5.97577313,5.916209111,5.912216921,5.858535115,6.038207708,5.641673275,5.549356581,5.823196343,5.865820553,5.707925651
Sub31,5.388465621,5.428501627,5.465891261,5.425715031,5.534308382,5.484596103,5.476194529,5.209747935,5.465741479,5.511526546,5.117827889,5.371224667,5.409478752,5.494158786,5.46392326,5.368115742,5.463788044,5.399385067,5.361813753,5.317421023,5.425029094,5.411260564,5.412870549,5.402132627,5.453211714,5.428452882,5.44199243,5.400599837,5.397207561,5.132277608
Sub32,NA,NA,NA,NA,NA,NA,NA,NA,NA,NA,NA,NA,NA,NA,NA,NA,NA,NA,NA,NA,NA,NA,NA,NA,NA,NA,NA,NA,NA,NA
Sub33,NA,NA,NA,NA,NA,NA,NA,NA,NA,NA,NA,NA,NA,NA,NA,NA,NA,NA,NA,NA,NA,NA,NA,NA,NA,NA,NA,NA,NA,NA
Sub34,NA,NA,NA,NA,NA,NA,NA,NA,NA,NA,NA,NA,NA,NA,NA,NA,NA,NA,NA,NA,NA,NA,NA,NA,NA,NA,NA,NA,NA,NA
Sub35,NA,NA,NA,NA,NA,NA,NA,NA,NA,NA,NA,NA,NA,NA,NA,NA,NA,NA,NA,NA,NA,NA,NA,NA,NA,NA,NA,NA,NA,NA
Sub36,5.144577581,5.235917861,5.096733474,5.180503132,5.255861226,5.359821385,5.316937695,5.384438181,5.238534813,5.245279146,5.420318647,5.370430394,5.414329752,5.410466067,5.361809072,5.415540588,5.325291742,5.294122607,5.224488152,5.373917737,5.266429127,5.267829086,5.264441356,5.327560149,5.254641415,5.307628544,5.26950084,5.436606369,5.303565466,4.774933347
Sub37,5.229653824,5.239873902,5.266443181,5.355053132,5.244316951,5.328410148,5.2013297,5.255465773,5.139339336,5.233674093,5.144773395,5.301095761,5.245503234,5.201363748,5.164101713,5.208372097,5.162739863,5.190975258,5.203086502,5.035711771,5.03865692,5.170929204,4.93918323,5.134110682,5.29822927,5.176331106,5.176212911,5.149790144,5.303159709,5.03446884
Sub38,5.779077201,5.777927739,5.841528046,5.642327421,5.647687216,5.73664587,5.758793371,5.713183921,5.681778466,5.70368736,5.612256035,5.60135705,5.585699092,5.727781804,5.668668028,5.753853335,5.567076512,5.59926377,5.637859094,5.531763328,5.508601381,5.315627577,5.621377499,5.537778291,5.442038195,5.483478583,5.61510573,5.503675234,5.591410925,5.150342929
Sub39,4.351090295,4.294304002,4.397587556,4.569974052,4.690190981,3.956286788,4.399288888,4.051929715,4.270833776,4.057910403,4.06883413,4.231171456,4.308425871,4.102143951,3.843764922,4.323135855,4.365227836,3.970652772,4.266416676,4.146198108,3.746209766,3.827163563,3.726892513,4.138571164,3.6641603,4.111658683,4.334978582,3.896490815,4.509386295,3.878257172
Sub40,5.376476475,5.479352229,5.43432028,5.378896863,5.509873966,5.411247201,5.390184772,5.300584343,5.368072989,5.416798032,5.389527896,5.473215032,5.384697864,5.418991383,5.313391588,5.301084432,5.52033384,5.399070567,5.308692606,5.379724229,5.293901482,5.300376165,5.437106223,5.205704456,5.343707045,5.443151213,5.400759363,5.379793387,5.429941986,5.337163631
Sub41,NA,NA,NA,4.558049218,4.63529964,4.61202078,4.584857156,4.599051812,4.575890127,4.597463502,4.676058832,4.621041327,4.634708713,4.674907639,4.659254018,4.640765633,4.602206566,4.735800358,4.649341191,4.528750573,4.599860973,4.628811813,4.518968779,4.739666524,4.70772078,4.715551512,4.632964335,4.607398676,4.586443715,4.327246347
Sub42,NA,NA,NA,NA,NA,NA,NA,NA,NA,NA,NA,NA,NA,NA,NA,NA,NA,NA,NA,NA,NA,NA,NA,NA,NA,NA,NA,NA,NA,NA
Sub43,3.429524188,3.763326497,4.027563872,3.365283127,4.021397274,4.01790953,4.154214809,4.042095118,3.75452411,4.12595271,3.9935,3.939693878,3.978843836,3.852883159,4.188144531,4.26258165,3.962905163,4.056825,4.130109212,3.920504233,3.80091155,3.709792748,4.090771822,4.107278932,3.963864413,3.955493623,3.989366877,4.043590833,4.005924855,3.60964162
Sub44,NA,NA,NA,NA,NA,NA,NA,NA,NA,NA,NA,NA,NA,NA,NA,NA,NA,NA,NA,NA,NA,NA,NA,NA,NA,NA,NA,NA,NA,NA
Sub45,6.124274933,6.214909097,6.24833305,6.162124441,6.071522652,5.965577407,6.068009746,6.160048046,6.019614248,5.973915083,5.923902189,5.763361764,5.834763073,5.766933977,5.917714218,5.889572579,5.830427198,5.667646071,5.758778491,5.694127006,5.477613627,5.537273781,5.56011188,5.49261892,5.508588495,5.447950365,5.655697282,5.802042055,5.91586794,5.719255629
Sub46,5.147326409,5.177681053,5.197297953,5.24163535,5.362458263,5.26891771,5.228408049,5.218172325,5.320526997,5.125446617,5.199777321,4.96422216,4.885915883,5.097844387,4.821775325,5.056289687,5.168296732,5.345011246,5.154565213,5.183168288,5.11849548,5.040904007,4.974000349,4.996341473,4.944861957,5.162959115,5.143997908,5.043964064,4.966228425,4.927957173
Sub47,5.000501984,5.198747939,4.900947724,5.106222756,5.31082001,5.231219841,5.202568254,5.349437148,5.140383178,5.216184204,5.300491017,5.291298447,5.213476376,5.390515969,5.298755312,5.11505796,5.358009711,4.898815209,4.984099415,4.904540401,5.007500989,4.852406609,5.254872326,5.048655867,5.032885572,5.170968458,5.052178785,5.015106455,5.310574197,5.034616256
Sub48,6.26316519,6.122802025,6.147982075,6.272428755,6.13576334,6.09819978,6.096190846,6.010521896,6.095762268,5.924747919,5.967542418,5.873700701,6.001026972,5.997646647,6.016700703,6.014239492,5.973748989,6.072313395,6.037827414,6.072850482,6.050362069,6.201453206,6.105849276,5.981617781,5.937189168,6.047366243,5.944643749,6.009177487,5.859438139,5.879223176
Sub49,NA,NA,NA,NA,NA,NA,NA,NA,NA,NA,NA,NA,NA,NA,NA,NA,NA,NA,NA,NA,NA,NA,NA,NA,NA,NA,NA,NA,NA,NA
Sub50,5.298489196,5.340956042,5.726939572,5.612538184,5.44755814,5.40890285,5.474594538,5.385493682,5.575137766,5.478275454,5.296818367,5.114545927,5.157552649,5.242297399,5.04416886,5.054062927,5.388955294,5.378328217,5.02758766,4.953977187,4.91818524,5.420165808,5.022472241,5.28033666,5.023245205,5.027238111,5.007308827,5.182309902,5.015587346,4.995541145
Sub51,4.751661424,4.848392442,4.880113079,4.840051048,4.868188262,4.818072482,4.849466216,4.737037061,4.841219456,4.695946819,4.842160933,4.769723866,4.680218145,4.74360196,4.79257206,4.746470502,4.734287576,4.718372098,4.742841965,4.740877439,4.80390197,4.694432988,4.840817839,4.90797906,4.75845803,4.689588892,4.856926414,4.781725052,4.679457414,4.726729746
Sub52,NA,NA,NA,NA,NA,NA,NA,NA,NA,NA,NA,NA,NA,NA,NA,NA,NA,NA,NA,NA,NA,NA,NA,NA,NA,NA,NA,NA,NA,NA
Sub53,5.417119822,5.358304037,5.388475531,5.244932716,5.229210735,5.123096605,5.21668159,5.389133595,5.301315515,5.310808147,5.28415168,5.341164588,5.315075914,5.232170141,5.367657322,5.272322652,5.354980984,5.264952319,5.116957166,5.143406342,5.163763853,5.22065346,5.212596994,5.113519598,4.919087073,5.090622994,5.119703564,4.954763743,4.962807667,4.804529288
Sub54,5.23563252,5.48254873,5.432702142,5.352556541,5.119577435,4.758013864,5.226998481,5.180886798,5.177200284,5.278281337,5.23599169,4.846718885,5.091280732,4.971496524,5.026029067,4.616966885,5.284389439,5.076596831,4.976750309,4.707115842,5.147522567,4.897421665,5.174208665,4.827445582,5.092510946,5.075605078,4.949249722,4.76542984,5.165166636,5.124692401
Sub55,4.641705294,4.712690736,4.777068309,4.705020573,4.771950712,4.628544304,4.899393162,4.614397689,4.721071776,4.682688967,4.642062567,4.628893046,4.73931711,4.697724626,4.468971243,4.431433004,4.589024429,4.637114826,4.684937124,4.687785558,4.538661619,4.495152274,4.406801329,4.422452781,4.191764957,4.203205742,4.220300213,4.314410739,4.091646025,4.017339683
Sub56,NA,NA,NA,NA,NA,NA,NA,NA,NA,NA,NA,NA,NA,NA,NA,NA,NA,NA,NA,NA,NA,NA,NA,NA,NA,NA,NA,NA,NA,NA
Sub57,NA,NA,NA,NA,NA,NA,NA,NA,NA,NA,NA,NA,NA,NA,NA,NA,NA,NA,NA,NA,NA,NA,NA,NA,NA,NA,NA,NA,NA,NA
Sub58,4.635532419,4.710355547,4.751639492,4.916870375,5.002084767,4.971227844,4.863115883,4.891570412,4.900796771,4.814461604,4.877066161,4.80323564,4.808940393,5.041627508,4.949556472,4.956087698,4.947589951,4.991119898,4.77977015,4.856733399,4.981071607,5.021780368,4.84154023,4.770648678,4.766192794,4.647425934,4.76154858,4.843496666,4.822707058,4.859589596
Sub59,6.222722119,6.428930941,6.275849517,6.214376119,6.122791609,6.151981213,6.263801373,6.158502149,6.246754273,6.185078177,6.340893717,6.281602199,6.379699169,6.26514499,6.149477867,6.081641947,6.275854295,6.308379472,6.215258024,6.122110652,6.126601011,6.254920749,6.141293511,6.309192644,6.106999758,6.193110033,6.184608913,6.185414209,6.19223193,6.119625092
Sub60,NA,NA,NA,NA,NA,NA,NA,NA,NA,NA,NA,NA,NA,NA,NA,NA,NA,NA,NA,NA,NA,NA,NA,NA,NA,NA,NA,NA,NA,NA
Sub61,6.070509918,6.146535047,6.815756292,6.584289827,6.144788724,6.320129247,6.376974517,6.446556498,6.035046506,6.272054699,5.954137838,6.150933364,6.014042981,6.047448314,6.291792018,6.271846487,6.032782993,6.236699481,6.002135538,5.600636384,5.85,5.630295766,5.791445491,5.732025183,5.935843659,5.872984705,5.300533897,5.701352416,5.827891802,5.488851498
Sub62,5.407359612,5.485600513,5.491685817,5.438188031,5.512583792,5.587120373,5.50952798,5.494309065,5.566211411,5.574272366,5.59930688,5.621871331,5.62740585,5.608452809,5.629721748,5.557225666,5.538315245,5.622040576,5.559563218,5.504707998,5.541560731,5.57026439,5.539156307,5.55229423,5.465955071,5.492712772,5.521503863,5.450255736,5.563257616,5.398351935
Sub63,5.085286695,5.095951225,5.154715663,5.214489579,5.196373645,5.129522927,5.089026031,5.166128448,5.07561958,5.030285283,5.215458425,5.11900413,5.082039555,5.172645502,5.155968384,5.16514815,5.056246164,5.057566982,5.105294739,5.139991895,5.11188307,5.153196966,4.986703848,5.08137417,5.149426684,5.049463351,5.042536181,5.187856014,5.24667826,5.13385591
Sub64,5.197881966,5.267953011,5.236697156,5.294264236,5.247232548,5.21918117,5.212515797,5.236041357,5.129536575,5.183877289,5.122983063,5.099473471,4.986744552,5.06439463,5.03072566,5.036325208,5.05649638,5.109923444,4.93598894,4.95080759,4.975475275,4.786763534,4.829686249,4.715345762,4.751299199,4.681843225,4.685465126,4.840913876,4.94129358,4.993885239