"","Sub","1","2","3","4","5","6","7","8","9","10","11","12","13","14","15","16","17","18","19","20","21","22","23","24","25","26","27","28","29","30","31","32","33","34","35","36","37","38","39","40","41","42","43","44","45","46","47","48","49","50","51","52","53","54","55","56","57","58","59","60","61","62","63","64","65","66","67","68","69","70","71","72","73","74","75","76","77","78","79","80","81","82","83","84","85","86","87","88","89","90"
"1","Sub01",NA,NA,NA,NA,NA,NA,NA,NA,NA,NA,NA,NA,NA,NA,NA,NA,NA,NA,NA,NA,NA,NA,NA,NA,NA,NA,NA,NA,NA,NA,NA,NA,NA,NA,NA,NA,NA,NA,NA,NA,NA,NA,NA,NA,NA,NA,NA,NA,NA,NA,NA,NA,NA,NA,NA,NA,NA,NA,NA,NA,NA,NA,NA,NA,NA,NA,NA,NA,NA,NA,NA,NA,NA,NA,NA,NA,NA,NA,NA,NA,NA,NA,NA,NA,NA,NA,NA,NA,NA,NA
"2","Sub02",NA,NA,NA,NA,NA,NA,NA,NA,NA,NA,NA,NA,NA,NA,NA,NA,NA,NA,NA,NA,NA,NA,NA,NA,NA,NA,NA,NA,NA,NA,NA,NA,NA,NA,NA,NA,NA,NA,NA,NA,NA,NA,NA,NA,NA,NA,NA,NA,NA,NA,NA,NA,NA,NA,NA,NA,NA,NA,NA,NA,NA,NA,NA,NA,NA,NA,NA,NA,NA,NA,NA,NA,NA,NA,NA,NA,NA,NA,NA,NA,NA,NA,NA,NA,NA,NA,NA,NA,NA,NA
"3","Sub03",NA,NA,NA,NA,NA,NA,NA,NA,NA,NA,NA,NA,NA,NA,NA,NA,NA,NA,NA,NA,NA,NA,NA,NA,NA,NA,NA,NA,NA,NA,NA,NA,NA,NA,NA,NA,NA,NA,NA,NA,NA,NA,NA,NA,NA,NA,NA,NA,NA,NA,NA,NA,NA,NA,NA,NA,NA,NA,NA,NA,NA,NA,NA,NA,NA,NA,NA,NA,NA,NA,NA,NA,NA,NA,NA,NA,NA,NA,NA,NA,NA,NA,NA,NA,NA,NA,NA,NA,NA,NA
"4","Sub04",4.21712596599691,4.44643825588797,4.41263590504451,4.45025329308452,4.5924205722743,4.61254398516163,4.79237221920781,4.63536266531028,4.80966709314227,4.76662526096033,4.86935418743769,4.88079501816295,4.88922286143072,4.98417099898063,4.77695344024832,4.97586372695566,5.17409415262636,5.32826317122594,5.34227039050915,5.30391253132832,5.26673096192385,5.05986282508924,4.97706707629288,5.02485152284264,5.25442991845056,5.06428549924737,5.14884398976982,5.09120468277946,5.18314092071611,4.95048495850622,5.14007503828484,5.16869131097561,4.83295151199166,5.12530040526849,5.15612612163509,5.39458871377733,5.34799171686747,5.29054118241536,5.2736104916371,5.10890020314881,5.07471746835443,5.21288861263053,5.17667966784097,5.18845777202073,5.21823719542516,5.30948762886598,5.23201712506487,5.37734799382716,5.15503205791107,5.25343340163934,5.15869932256384,5.24404103726083,5.40398356926188,5.41825602873268,5.28458265720081,5.33286462093863,5.27312619647355,5.13080819415449,5.25295854271357,5.31646697099893,5.24011216632443,5.27038132591093,5.3487461928934,5.25543417656169,5.21683794665325,5.21894861253854,5.08166351558508,5.18864503042596,5.15907712082262,5.30389168377823,5.12366520618557,4.92562236180905,5.1135965133906,5.14450128733265,5.07656147757256,5.1311927359491,5.07274785461888,4.99148320413437,4.92355757575758,5.15270736040609,5.16909668367347,5.25615576245596,5.23021765913758,4.9973973973974,5.05787929267043,4.95131333676622,5.13299664775658,5.06651232032854,5.11401051282051,4.77473406789756
"5","Sub05",3.98974194444444,4.15506437389771,4.53275099488346,4.42622268408551,4.81786838790932,4.64692978482446,4.68931110381078,4.94910026126715,5.34690137614679,5.17015693430657,4.8187138700291,5.18063596966414,5.29062019230769,4.72454354354354,5.240756,5.09106993006993,5.39070817120623,5.10842442748092,5.13199901477832,5.56861863173217,5.5241841286307,5.49371245733788,5.69304207436399,5.34910980392157,5.39538119590873,5.02603383084577,5.05460959470637,5.40198187633262,5.35629067245119,5.81086254612546,5.71746428571429,5.88984468085106,5.53536678200692,5.65035576923077,5.67196935933148,5.91860326086957,5.74678125,4.76705263157895,5.60523913043478,5.71281437125749,4.40764375,4.71294318181818,5.31029948805461,4.88459730538922,4.84842929292929,4.98415568862275,4.78124572127139,4.55662894736842,5.6951163434903,4.4421913303438,5.73867270788913,6.04016666666667,5.17622602739726,5.69074143302181,5.66627121212121,5.6850243902439,6.17303571428571,5.88743836978131,5.58913461538462,5.7522728285078,5.44975589622642,5.28375741239892,5.4170276816609,5.75242513368984,6.14017289719626,5.46074579831933,4.94834649610678,4.98790433925049,5.56885,6.1608712797619,5.50491754916793,5.8044766718507,5.15875622254758,5.67817018072289,5.67480295566503,5.10444753747323,5.16441071428571,5.91399170124481,5.95954394299287,5.16946685878963,5.37419369369369,5.27182929292929,5.1944261682243,5.80909271978022,5.56237745974955,5.91698145604396,5.44235416666667,5.5991935483871,5.55335125,5.36686680327869
"6","Sub06",5.66239324675325,5.68965648445874,5.77275276104418,5.72953488372093,5.72769570644034,5.78505814536341,5.79365372750643,5.94557103134479,5.763382885212,5.87702959341225,5.82206813304721,5.75757232375979,5.78611168895493,5.94317593984962,5.98298278481013,5.9433097524002,6.06589349553128,6.10029408658923,6.03299385560676,5.97395715725806,5.91417119838872,6.05458991554893,6.06081642019378,6.19242179616549,6.10273795180723,5.95186875965003,6.06755356253114,6.12874848484848,6.12231358087487,6.13446588058204,5.94076921170055,6.02097510060362,5.94470515463918,6.13316516290727,6.18841717019134,6.18575952858576,6.17066640746501,6.050929562982,6.09395397066262,6.00239082198689,6.03319777440567,6.08322894867962,6.02183233979136,6.21547851966874,6.10588645726056,6.09348186785892,6.09685354049924,6.19442632911392,6.18825572519084,6.20780414507772,6.05196370143149,6.20047652347652,6.22925646879756,6.21105081716037,6.06168007081436,6.01514762649974,5.98410877373012,6.02088411261941,5.97995247933884,6.11374317226891,6.12220087001024,5.9902789309808,6.01146854717923,6.05250642673522,6.01259227579057,5.97207360406091,5.98160518134715,5.94050751879699,6.03926838810642,6.07982686491935,6.04345711350796,6.02185561357702,5.99782707153886,6.01037096774194,5.9864255481897,5.84104892966361,5.95926308968377,5.93296801872075,5.9916816050026,6.02149302575107,6.01429547844374,5.86118053148469,5.87071408915795,5.96235703165542,5.93869278074866,5.90095198329854,5.97705811571941,6.09763279132791,5.95386494405967,6.00100692594566
"7","Sub07",NA,NA,NA,NA,NA,NA,NA,NA,NA,NA,NA,NA,NA,NA,NA,NA,NA,NA,NA,NA,NA,NA,NA,NA,NA,NA,NA,NA,NA,NA,NA,NA,NA,NA,NA,NA,NA,NA,NA,NA,NA,NA,NA,NA,NA,NA,NA,NA,NA,NA,NA,NA,NA,NA,NA,NA,NA,NA,NA,NA,NA,NA,NA,NA,NA,NA,NA,NA,NA,NA,NA,NA,NA,NA,NA,NA,NA,NA,NA,NA,NA,NA,NA,NA,NA,NA,NA,NA,NA,NA
"8","Sub08",4.9693650210084,5.01719857768053,5.10248173277662,5.12026091530773,5.25746511627907,5.50968295218295,5.39124462809917,5.25630918259023,5.32001369863014,5.3182869022869,5.38775856443719,5.31372324723247,5.33577085533263,5.17075862984599,5.26249009635974,5.51647454545455,5.51999790356394,5.53790310492505,5.52939433665443,5.66058703904555,5.57421974855946,5.67233415166394,5.69136575052854,5.67420277207392,5.69608054054054,5.56558680917623,5.70436469344609,5.5610057591623,5.58034665965281,5.63655668226729,5.65081321243523,5.67310808028821,5.73699046391753,5.68030555555556,5.65322356262834,5.65677848101266,5.63639660493827,5.6873303080308,5.71744306246545,5.75811900684931,5.74509549913445,5.77181499710481,5.71167603211009,5.73547829912023,5.72686193353474,5.64279902853673,5.82015289505428,5.7164930471584,5.73296130952381,5.7678564787914,5.73742250287026,5.77791736526946,5.77840335365854,5.69563218390805,5.65411818181818,5.61144007696537,5.60333371040724,5.66381120584653,5.84801404056162,5.75314025777104,5.66105200789993,5.56255765199161,5.67653104455807,5.69592163910855,5.74360378031384,5.74047486225895,5.71929601328904,5.659765625,5.62734158751696,5.67574847457627,5.74474509803922,5.72778298727394,5.84703372189842,5.72538576388889,5.56534156785244,5.54638722627737,5.52663856960409,5.4532106188467,5.5986246257485,5.55306263048017,5.51032444124009,5.55580987394958,5.59188678485093,5.59668581818182,5.50792723492723,5.39635925692695,5.39264438339438,5.47782062055591,5.63947496570645,5.6382683264177
"9","Sub09",NA,NA,NA,NA,NA,NA,NA,NA,NA,NA,NA,NA,NA,NA,NA,NA,NA,NA,NA,NA,NA,NA,NA,NA,NA,NA,NA,NA,NA,NA,NA,NA,NA,NA,NA,NA,NA,NA,NA,NA,NA,NA,NA,NA,NA,NA,NA,NA,NA,NA,NA,NA,NA,NA,NA,NA,NA,NA,NA,NA,NA,NA,NA,NA,NA,NA,NA,NA,NA,NA,NA,NA,NA,NA,NA,NA,NA,NA,NA,NA,NA,NA,NA,NA,NA,NA,NA,NA,NA,NA
"10","Sub10",NA,NA,NA,NA,NA,NA,NA,NA,NA,NA,NA,NA,NA,NA,NA,NA,NA,NA,NA,NA,NA,NA,NA,NA,NA,NA,NA,NA,NA,NA,NA,NA,NA,NA,NA,NA,NA,NA,NA,NA,NA,NA,NA,NA,NA,NA,NA,NA,NA,NA,NA,NA,NA,NA,NA,NA,NA,NA,NA,NA,NA,NA,NA,NA,NA,NA,NA,NA,NA,NA,NA,NA,NA,NA,NA,NA,NA,NA,NA,NA,NA,NA,NA,NA,NA,NA,NA,NA,NA,NA
"11","Sub11",NA,NA,NA,NA,NA,NA,NA,NA,NA,NA,NA,NA,NA,NA,NA,NA,NA,NA,NA,NA,NA,NA,NA,NA,NA,NA,NA,NA,NA,NA,NA,NA,NA,NA,NA,NA,NA,NA,NA,NA,NA,NA,NA,NA,NA,NA,NA,NA,NA,NA,NA,NA,NA,NA,NA,NA,NA,NA,NA,NA,NA,NA,NA,NA,NA,NA,NA,NA,NA,NA,NA,NA,NA,NA,NA,NA,NA,NA,NA,NA,NA,NA,NA,NA,NA,NA,NA,NA,NA,NA
"12","Sub12",NA,NA,NA,NA,NA,NA,NA,NA,NA,NA,NA,NA,NA,NA,NA,NA,NA,NA,NA,NA,NA,NA,NA,NA,NA,NA,NA,NA,NA,NA,NA,NA,NA,NA,NA,NA,NA,NA,NA,NA,NA,NA,NA,NA,NA,NA,NA,NA,NA,NA,NA,NA,NA,NA,NA,NA,NA,NA,NA,NA,NA,NA,NA,NA,NA,NA,NA,NA,NA,NA,NA,NA,NA,NA,NA,NA,NA,NA,NA,NA,NA,NA,NA,NA,NA,NA,NA,NA,NA,NA
"13","Sub13",4.31828055367995,4.1493211456429,4.50237718786464,4.20115777917189,4.18429839189994,4.39278260869565,4.7065596969697,4.75543112701252,4.64893403614458,4.77045796847636,4.62104662283323,4.33859345454545,4.55380508474576,4.5194887039239,4.46495637376238,4.6596202610317,5.09426432926829,4.81027868357488,4.90948606904906,4.92580355987055,5.07838081936685,4.94078105968331,4.8932781523938,5.15170607902736,4.62267283163265,4.43259133333333,4.82936585365854,4.78239421088904,5.10057438794727,5.20702148703956,4.8565162835249,5.03946726572529,4.99921998702141,4.50078197857593,4.75182052058111,4.73755344494527,4.5436908349027,4.60758902877698,4.66218902821317,4.74663318639799,4.59473262739907,4.67323250636132,4.56856987295826,4.29897112366604,4.81142970822281,5.04206604402935,4.68571409749671,4.93436190145732,4.66196487477092,4.56342966751918,4.8145475308642,4.89319746748802,5.05427461350692,4.99186103151862,5.10852218543046,4.88353612531969,4.79409825620389,4.34977491856678,4.28696544715447,4.8700387374462,4.62229013906448,5.00231639135959,5.01428773584906,4.92289338471419,4.62279824046921,4.96375091019417,5.11504278074866,5.24975470430108,4.54514493597206,4.32144019138756,4.4903492286115,4.87506947296372,4.99592383059418,5.12762340876945,4.94366587837838,4.82510957583548,4.62201437699681,4.60072935103245,4.64406451612903,4.59628307038835,4.64069238613188,4.7301887791108,4.57266900995899,4.5975703125,4.46243293115685,4.50116531440162,4.52969136212625,4.46992086889061,4.24431237785016,3.90407201492537
"14","Sub14",NA,NA,NA,NA,NA,NA,NA,NA,NA,NA,NA,NA,NA,NA,NA,NA,NA,NA,NA,NA,NA,NA,NA,NA,NA,NA,NA,NA,NA,NA,NA,NA,NA,NA,NA,NA,NA,NA,NA,NA,NA,NA,NA,NA,NA,NA,NA,NA,NA,NA,NA,NA,NA,NA,NA,NA,NA,NA,NA,NA,NA,NA,NA,NA,NA,NA,NA,NA,NA,NA,NA,NA,NA,NA,NA,NA,NA,NA,NA,NA,NA,NA,NA,NA,NA,NA,NA,NA,NA,NA
"15","Sub15",4.79601983002833,4.99202242744063,4.75123865814697,4.7682696151924,4.90199267306721,5.02803329752954,4.74274318658281,5.07108315158124,4.76015973665974,4.7483760757315,4.91517204030227,5.19891650099404,5.17785899352267,5.11928403275333,5.11281191300049,5.2250632183908,5.22273777105396,5.5078105574741,5.50406415279138,5.17892985611511,5.52345445292621,5.46635396904643,5.30179745189808,5.29964513468939,5.097283619818,5.39259052156469,5.24708173313639,5.03331906421105,5.18259385201306,5.00931257046223,4.81804198668715,5.14911534419338,5.20369673751854,5.36266469135802,5.47924750996016,5.3046868556701,5.0886743285124,5.14991658110883,5.54516253791709,5.39652749867795,5.21609319085487,5.08272990514229,5.27474701918092,5.48179356636272,5.55228599900349,5.42507330246914,5.45115863453815,5.34481172069825,5.35696617869763,5.50303009610521,5.34702610548748,5.44618712871287,5.23053562005277,5.26189631213255,5.31368340829585,5.40991592261905,5.51810752965446,5.32062314540059,5.48420290964778,5.40687474747475,4.89394710327456,5.39366111680328,5.32676462972553,5.06948169801729,5.12579562785969,5.1143603268945,5.25264368104313,5.0621314516129,5.28077386934673,5.41074516129032,5.3186325854156,5.23334308779011,5.24499517276423,5.22236115326252,5.29771289984268,5.52924873481781,5.39042166836216,5.32062274549098,5.18839338624339,5.36607178340785,5.17965678627145,5.61749574148297,5.59066993295513,5.48544972623196,5.19693708269132,5.40014275147929,5.40016906653426,5.33060180878553,5.37789540657976,4.47536050257732
"16","Sub16",NA,NA,NA,NA,NA,NA,NA,NA,NA,NA,NA,NA,NA,NA,NA,NA,NA,NA,NA,NA,NA,NA,NA,NA,NA,NA,NA,NA,NA,NA,NA,NA,NA,NA,NA,NA,NA,NA,NA,NA,NA,NA,NA,NA,NA,NA,NA,NA,NA,NA,NA,NA,NA,NA,NA,NA,NA,NA,NA,NA,NA,NA,NA,NA,NA,NA,NA,NA,NA,NA,NA,NA,NA,NA,NA,NA,NA,NA,NA,NA,NA,NA,NA,NA,NA,NA,NA,NA,NA,NA
"17","Sub17",4.49545716112532,4.58120581257414,4.79561886376172,4.8660464,4.75729297328688,4.75202276467362,5.12551101558302,5.11769376979937,5.06489002557545,5.09477004909984,5.16021523858389,5.27535173105871,5.24604059243006,5.20786807387863,5.07030893640351,5.12152688455456,5.29954321988115,5.26290185471407,5.23579277864992,5.26760634425377,5.35307218844985,5.26637336130047,5.23641235480465,5.35159389671361,5.44508946830266,5.52012135176651,5.17647080291971,5.12987261652542,5.22511923076923,5.39715721649485,5.49622013218099,5.35470118495621,5.55162276422764,5.26791412312468,5.50955069742489,5.4050105615662,5.418001525941,5.22571906266456,5.39827360898418,5.4297347826087,5.29564039665971,5.23919002242152,5.34046474857439,5.2845565702689,5.47926854754441,5.3838808095952,5.44588170669392,5.3100657827639,5.44742736670294,5.516070907195,5.36110291897333,5.4900915279879,5.51513032324269,5.53704971517349,5.55115426356589,5.49202910870685,5.52982057172027,5.36423197831978,5.31027105666156,5.46378701364325,5.41477754677755,5.48233904465213,5.53851474460242,5.56893600203978,5.38427924340468,5.3846817232376,5.34817963263101,5.30179614978903,5.40098651399491,5.40284710107748,5.35498334187596,5.51082426004228,5.32601159196291,5.43141918158568,5.51649470899471,5.32814368726889,5.46021028277635,5.37817689530686,5.30120113460547,5.2613861053719,5.19618572955639,5.20773497688752,5.38723499747857,5.33256854219949,5.4145457957958,5.46566623376623,5.54288763750655,5.1597203567681,5.34986387163561,5.14758941877794
"18","Sub18",5.21628803777545,5.15286211859528,5.20745213347921,5.3998947368421,5.21074531516184,5.46486160972785,5.21943579545455,5.34346396928529,5.20742978723404,5.07750145348837,5.14624817518248,4.95371775644871,4.82934706858407,5.097266563147,4.87061894024803,5.11499564270153,5.06180572472594,4.96041481246027,4.9801717236927,4.92101508750754,4.90094959785523,5.29774404432133,5.28160906131308,5.41544985590778,4.98916223103058,5.16647486486486,5.19563210310486,5.17932450124688,4.88059747172322,4.9787294192725,5.23733775713338,4.90176598465473,4.69370102389079,4.82236260265319,4.83502610441767,5.01642907348243,5.25424898196626,5.26303506907545,5.20111111111111,5.14483846600814,5.15519027611044,4.68057256020279,5.2932367081448,5.39200815360337,5.12008171981777,5.50917960385439,5.57602657807309,5.34898484028154,5.16453543956044,5.33715094339623,5.03821225910064,5.13776578802856,5.21340224859463,4.97456847475832,5.15013415366146,5.07617648757943,5.22166223855286,5.12655236768802,5.16509846407021,5.32185918491484,5.2917737654321,5.07293548387097,4.62707976268952,5.13220300530348,5.133132131324,5.20714620938628,4.81445438838977,4.89280529685681,4.91623143982002,4.792105,5.00728279147982,4.92366554054054,4.88493125,4.68917311886587,4.93466309461579,5.1313109375,5.20795180055402,5.04157878787879,4.89009898154042,4.94445597484277,4.88731339187706,5.03032914438503,5.03613925501433,5.06908410942957,5.18973576309795,5.07568186695279,5.25993200712589,4.98116486946652,5.25394508975713,4.17460751665081
"19","Sub19",NA,NA,NA,NA,NA,NA,NA,NA,NA,NA,NA,NA,NA,NA,NA,NA,NA,NA,NA,NA,NA,NA,NA,NA,NA,NA,NA,NA,NA,NA,NA,NA,NA,NA,NA,NA,NA,NA,NA,NA,NA,NA,NA,NA,NA,NA,NA,NA,NA,NA,NA,NA,NA,NA,NA,NA,NA,NA,NA,NA,NA,NA,NA,NA,NA,NA,NA,NA,NA,NA,NA,NA,NA,NA,NA,NA,NA,NA,NA,NA,NA,NA,NA,NA,NA,NA,NA,NA,NA,NA
"20","Sub20",NA,NA,NA,NA,NA,NA,NA,NA,NA,NA,NA,NA,NA,NA,NA,NA,NA,NA,NA,NA,NA,NA,NA,NA,NA,NA,NA,NA,NA,NA,NA,NA,NA,NA,NA,NA,NA,NA,NA,NA,NA,NA,NA,NA,NA,NA,NA,NA,NA,NA,NA,NA,NA,NA,NA,NA,NA,NA,NA,NA,NA,NA,NA,NA,NA,NA,NA,NA,NA,NA,NA,NA,NA,NA,NA,NA,NA,NA,NA,NA,NA,NA,NA,NA,NA,NA,NA,NA,NA,NA
"21","Sub21",4.82457337526205,4.83806014091595,4.83416604077253,4.69119984284966,4.77239683773976,4.72833406593407,4.77685171102662,4.86516194882961,4.71441291372762,4.80231008174387,4.76197086570477,4.66511886160714,4.69695529290853,4.72677673293928,4.71405268759979,4.69758333333333,4.61403760822511,4.75404907306434,4.72300026483051,4.71775828313253,4.68255770208439,4.64702712981744,4.68152260030472,4.84494273815721,4.91241644771414,4.82431762185324,4.80355617678381,4.71934318423855,4.77715527610716,4.83655958005249,4.81256767109295,4.74873245614035,4.74090396659708,4.68761589403973,4.79695100567303,4.75247110998479,4.72025833774484,4.79953460743802,4.92638740661686,4.97015308254963,4.89153399065906,4.80266470588235,4.76610466321244,4.79259353287012,4.79081552631579,4.77472795969773,4.80440350431691,4.76883805031447,4.84069686234818,4.73524538461538,4.79671540880503,4.84274449812131,4.73635626007523,4.8171742344245,4.76848555377207,4.82359209851206,4.68481054787506,4.8012443510247,4.78118938605619,4.70190068674062,4.70290570522979,4.80279420731707,4.78808328981723,4.75189138194799,4.6807143970894,4.83296424759872,4.7156477093207,4.74107936932122,4.78243846549949,4.71535662898253,4.73703821015586,4.7247138246369,4.73047436548223,4.69219550619835,4.68935389282103,4.65322345244087,4.7556159607438,4.79041615853659,4.645680786268,4.64905962566845,4.68219500780031,4.70536905991736,4.75716709445585,4.65197037422037,4.74916172646906,4.70892466124661,4.72244742215416,4.80733776328987,4.42158287509819,4.30749176829268
"22","Sub22",4.76888395721925,5.0360251177394,5.17539396207585,5.15041286519733,5.13874549310711,5.22456256256256,5.17794161593802,5.29497863924051,5.26311757301108,5.29472727272727,5.4868205655527,5.44569047619048,5.44367234367056,5.50683051801802,5.63661641713991,5.74652401746725,5.51757803121248,5.43448637440758,5.57891043985162,5.50369739756368,5.54582676709154,5.30538804664723,5.45672126436782,5.78814523565574,5.61434843581446,5.59124575342466,5.46070524364407,5.39857337883959,5.71673651452282,5.53934617456897,5.56401516822945,5.49817727771679,5.55883888292159,5.69759011627907,5.51874229313142,5.6586751396648,5.62728051450465,5.41562112514351,5.61228297755884,5.86463934863855,5.7072245911215,5.64803783924843,5.85427624458874,5.71299237089202,5.75572112753147,5.70327596855699,5.79901133966245,5.86201144045762,5.7948479338843,5.6417953539823,5.80658174904943,5.72565259009009,5.57010031762838,5.56076474056604,5.60669682080925,5.52607857142857,5.60689978272678,5.70607698585419,5.68219593088071,5.61939839725243,5.67964174813111,5.59537366647951,5.5563866704162,5.64232123212321,5.79826741095162,5.75550411409764,5.75045151345291,5.733330654102,5.5805994047619,5.63182894736842,5.53276971179989,5.48738673875925,5.41884501738123,5.62312941501104,5.63177241009125,5.34309173715029,5.35499504337051,5.45167199302731,5.35880852378011,5.23270809898763,5.21012455516014,5.46976856649396,5.16429791546034,5.14321473354232,5.40251122394441,5.39457476635514,5.21424884393064,4.95150875486381,4.90203534111862,4.91425944170772
"23","Sub23",NA,NA,NA,NA,NA,NA,NA,NA,NA,NA,NA,NA,NA,NA,NA,NA,NA,NA,NA,NA,NA,NA,NA,NA,NA,NA,NA,NA,NA,NA,NA,NA,NA,NA,NA,NA,NA,NA,NA,NA,NA,NA,NA,NA,NA,NA,NA,NA,NA,NA,NA,NA,NA,NA,NA,NA,NA,NA,NA,NA,NA,NA,NA,NA,NA,NA,NA,NA,NA,NA,NA,NA,NA,NA,NA,NA,NA,NA,NA,NA,NA,NA,NA,NA,NA,NA,NA,NA,NA,NA
"24","Sub24",5.54209307813319,5.78968778280543,5.72651460040984,5.88033564356436,5.92769098277609,5.86190059347181,6.03215752082313,6.06910611246944,6.09761094819159,6.15516125,6.18787226095618,6.00525354609929,5.96701432098765,5.94082654100866,5.8732028698664,6.02799458394879,6.24720532603285,6.25550991080278,6.18097769607843,6.23224804496579,6.21399056603774,6.33429291687162,6.23220659124447,6.28526740196078,6.24836851475076,6.15567511177347,6.23492618930848,6.28917322834646,6.21010254527655,6.14834835056622,6.21287280040221,6.13986313410347,6.08942385411533,6.11523606465998,6.17841370558376,6.17773139880952,6.18252759980286,6.11933349753695,6.21421575166752,6.0918968058968,6.06963476664919,6.04561211477152,6.01904244527496,6.15596109271523,5.98939756097561,6.19172910295617,6.16956428571429,5.97743452380952,5.98256787564767,5.95622240172321,5.99967586552935,5.95198908523909,5.99512422882782,5.93955598570578,6.0121737649063,5.91619567483064,6.00230707395498,6.10939727126806,6.19348748395379,6.07183397577093,6.02550318302387,6.10068656716418,6.17320560747664,5.92568034557235,6.15448873007147,5.98957451923077,5.79540188383046,6.03951770708283,5.97221943231441,6.00071856287425,6.04860675443618,6.0444085864486,5.99924946581197,5.97295221569674,6.11544294213088,6.09443951612903,5.9528994002181,6.0585986355884,6.04205303933254,6.10381130614352,6.03648768886402,6.34704133754608,6.03080951025057,6.0587065689468,6.25311670124481,6.14787725823592,6.24484332959641,6.20290208447614,6.15867929759704,5.89437026568683
"25","Sub25",3.44923606557377,3.57082354668233,3.73845686574783,3.91652114882507,4.0679844149208,4.08390270551509,4.27499511819116,4.2708559853633,4.37143381969776,4.45822898172324,4.44149894403379,4.61425996852046,4.57046175858481,4.40028101265823,4.3842645095018,4.54791993551854,4.41627501309586,4.56253829440521,4.79129422382672,4.88160015649452,4.67028871740287,4.70574842931937,4.59790986132512,4.57726626756897,4.58596527777778,4.63003223140496,4.73927605863192,4.63366064690027,4.36543652501345,4.64871541294056,4.72508138268917,4.84269810810811,4.68974024585783,4.55282635206787,4.54719777086573,4.61155549539794,4.67366883793643,4.90389973753281,4.72538488624052,4.76581093998938,4.47001134020619,4.70968044920878,4.60949974213512,4.49197105115233,4.58658487394958,4.67127777777778,4.63810710382514,4.6881736,4.70592088091354,4.63626626756897,4.57980271920089,4.57445611702128,4.65175578947368,4.63454790419162,4.66014140875133,4.56582660602615,4.72518354769561,4.68892787152967,4.79060096670247,4.73060043907794,4.79934146341463,4.81989432587194,4.94333980317113,4.80399594375338,4.64201884422111,4.70426462765957,4.83168,4.63091453229399,4.74113496767241,4.74791184807256,4.79829936305732,4.70221397018222,4.65550447604002,4.77576661083194,4.74590378630705,4.54738868421053,4.57809747292419,4.58413540010599,4.67123358512493,4.70086346566524,4.64615549676661,4.64614407260352,4.72571978021978,4.64126018468224,4.6517217877095,4.5293467094703,4.71119906387665,4.61511627282492,4.74382105263158,4.52298897312198
"26","Sub26",4.83473223722842,4.88571936185642,4.99153612531969,5.12638591620394,5.24333408183633,5.51058353929807,5.60480822255047,5.48666039156627,5.71206151185771,5.5625900544285,5.5784806372549,5.50491704834606,5.74703084896348,5.73345928174001,5.62151192250373,5.74413244047619,5.75466117125984,5.83994197530864,5.68928097125867,5.80030217281455,5.78631000532198,5.79845564317398,5.85172233554309,5.81792874875869,5.72275388082123,5.819577342588,5.5892189272821,5.74543180686909,5.91362757731959,5.98612245934959,5.88994652673663,5.49400472872076,5.78983274470232,5.92801439393939,5.91271590909091,5.88785098522168,6.11624413863405,6.03811881188119,5.86076130153999,6.07544518103009,5.92197615384615,5.94712988966901,5.95282633683158,6.09653212851406,6.1189279661017,6.07870843924758,6.15220943584623,5.69487303995953,5.97089609104404,6.06667368961973,6.11187377892031,5.86403199593702,5.95662875318066,5.99460078662733,6.00005707070707,5.93956243854474,6.02676790971541,6.11506936127745,6.0777206027668,6.0359823733863,6.05975764299803,6.16271103896104,6.11081917046029,5.98909754262788,5.73594270833333,6.03076213592233,6.22681827309237,6.09860285433071,6.14472527200791,6.15005698711596,5.97002254901961,5.77689383391348,6.08817989021956,6.10717694965449,6.1475692575984,6.04084697420635,6.00046119402985,5.9264158084449,6.08083433283358,5.8743685515873,6.05537400199601,5.89127601809955,5.98426579739218,6.02044167497507,6.14427052524222,6.10937901990812,5.99607431421446,6.08955487493619,5.86695305401312,5.83882603997839
"27","Sub27",NA,NA,NA,NA,NA,NA,NA,NA,NA,NA,NA,NA,NA,NA,NA,NA,NA,NA,NA,NA,NA,NA,NA,NA,NA,NA,NA,NA,NA,NA,NA,NA,NA,NA,NA,NA,NA,NA,NA,NA,NA,NA,NA,NA,NA,NA,NA,NA,NA,NA,NA,NA,NA,NA,NA,NA,NA,NA,NA,NA,NA,NA,NA,NA,NA,NA,NA,NA,NA,NA,NA,NA,NA,NA,NA,NA,NA,NA,NA,NA,NA,NA,NA,NA,NA,NA,NA,NA,NA,NA
"28","Sub28",5.74854897959184,5.84151972789116,5.91961445783133,6.05556468531469,6.46435464535465,6.48984827240861,6.61158636137382,6.72590523373984,6.67818335862418,6.67085428142213,6.87745262896825,6.78579724910851,6.80336965174129,6.74305856777494,6.87338323201621,6.87192575984056,6.99232847475273,6.86567342799189,6.83756891271057,6.88128567864271,7.10092481402763,7.04364234875445,7.00164714946071,7.01377719665272,7.12440892765521,7.08028869346734,7.0930860910031,7.04325037936267,7.00900812595226,6.99104091610911,7.06947276970954,6.99879894842263,7.10820903954802,6.87570206185567,7.01438544272136,7.070371712292,7.22814550128535,7.184636458879,7.11901803013994,7.09264080303852,7.30623215216258,7.02686536485098,7.09617985794013,7.05776448170732,6.94190806613226,7.13685197710718,7.3556786074672,7.33246155857741,7.1787486673774,6.96901788491446,7.05707017994859,7.15550981404959,7.04803232222775,7.21329127966976,7.21857297979798,7.18493500511771,7.21869681129117,7.10507410217501,7.14585914416709,7.28587620320856,7.0837733029382,7.14147348484849,7.06871984334204,7.11036478494624,7.22042473390775,7.0369858684481,6.95665065616798,6.97427423469388,7.01976403061224,7.19877804878049,7.03969116161616,7.04640058324496,7.05892997416021,7.00957507739938,7.12254369663486,7.19109387651822,7.07904582693292,7.31827047470005,7.1331067985794,7.1649106520657,7.17336759307813,7.08972171018945,6.98161278586279,7.03607291126103,7.01312199488491,7.10163645621181,7.24832152370804,6.99566030534351,7.074468591692,6.99984725609756
"29","Sub29",4.94321018913972,5.18972215067611,5.17705721649484,5.33163195592287,5.47936386261822,5.54115447761194,5.56410070850202,5.59014603095357,5.69527924340468,5.7723226516634,5.74450869781312,5.72586601796407,5.78653836571998,5.72074054462935,5.64032146464646,5.75362050898204,5.86513634097707,5.85702746975806,5.79700326961771,5.85748118414451,5.98916934269945,5.86041888560158,5.91755217174239,5.93000396825397,5.90706641025641,5.82984742740703,5.89426068601583,6.20137673611111,5.81273821464393,5.87985776302349,5.85230954825462,5.95334307846077,6.03402921914358,6.21435419808949,6.16150894683027,5.846266718107,6.17663615384615,6.15808228800803,6.14908441883767,6.01977194317605,6.2030063419584,6.16332097831568,6.01277513756878,6.11984467005076,6.1188219908583,6.12113304612266,6.2461157086224,6.31812543728136,6.18815483383686,6.22160959958932,5.94871757322176,6.17652224469161,6.12732866598778,6.01726592039801,6.11923690899847,6.25140515106488,6.21520979899497,6.25169246130804,6.12405819838057,6.15200367068694,5.70222055199606,5.90818974229409,5.89647390656064,5.62258641358641,6.05894853683148,5.96264539007092,5.92301782863225,6.0146838790932,5.9264537557486,5.95593381259296,5.99019232861806,5.91187018255578,6.00073699124163,5.8396791645697,5.93640502237693,6.01070571575695,6.14341704147926,6.1483635007459,6.21897770069376,6.15733392857143,6.01780052493438,5.98238016318205,6.01081136820926,5.622,5.98376460309536,5.95582895401718,6.02141857569721,6.03588583669355,6.15568515704154,5.89516645807259
"30","Sub30",4.10045857418112,4.65315546006067,4.54138084349593,4.40203205128205,4.66253495762712,4.8270375563345,5.01774799599198,5.26823751853683,5.08436210582576,4.78882282366071,5.03769024149828,5.14887200407955,4.98041504981647,5.05247926509186,5.15322614213198,5.26821266735324,5.30181545820745,5.36432605421687,5.48578202581927,5.19059805924413,5.59975938735178,5.53999614989733,5.20980496637351,5.34615837438424,5.43702087682672,5.50080160320641,5.49070236895161,5.41526307770442,5.46851983349657,5.44443442622951,5.64596809045226,5.51578241701245,5.45140550978373,5.39610975609756,5.44738173652695,5.49557399213373,5.52088913362702,5.43244049420071,5.56567932905772,5.85950734573947,5.74308860441767,5.82486254295533,5.74289936492428,5.71872586123241,5.65386561866126,5.684055387714,5.62340254652302,5.48742232535418,5.81375503190967,5.76471031746032,5.7370733562316,5.63757046632124,5.66005309511827,5.55411102484472,5.5593557844691,5.66990141557128,5.68491983226443,5.84163220675944,5.81758419497784,5.87336852689794,5.78716836982968,5.78689539860888,5.94016641566265,5.82164925,5.86117553455992,5.78701347978033,5.83678371062992,5.82840200501253,5.91751346633416,5.96023948948949,5.89876207422471,5.73581350401606,5.85596792360431,5.92246353913466,5.92898103448276,5.90035707096125,5.91335800970874,5.9800950950951,6.05387283523008,5.87751910669975,5.90157279297883,5.95829068577277,5.85188190572732,5.88233192441571,5.82931138335886,5.8830841915551,5.88441542798565,5.78469345088161,5.74043697478992,5.74461381074169
"31","Sub31",3.7646467161017,4.18639195710456,4.0825139494333,3.95932172131148,4.39782781026641,4.3560411971831,3.92801077313054,4.09943116490166,4.15971008140263,4.07804780453258,4.02013688380282,4.14204166666667,4.17001172529313,4.38874489795918,4.10878268765133,4.21689744272776,4.24695236799129,4.20002817357513,4.28325522589346,4.2133488258317,4.94329132947977,4.7671483323581,4.78855772646536,4.92475018102824,4.63608632286996,4.54431465517241,4.76426435152374,4.48755135773318,4.64335153721683,4.30181456043956,4.16448284145504,4.48246756383713,4.38624006715165,4.63883769063181,4.59452583135392,4.719816604378,4.63525820333513,4.71838516093835,4.68705817028027,4.98842502726281,4.75050598335068,4.7280708200213,5.15699319727891,4.92220705092334,4.65998953823954,4.72840382037533,4.8558237159163,4.92101215611005,4.94502467270896,4.60913448275862,4.930173370319,4.86753470254957,4.80038346186804,4.93356993243243,4.86266666666667,4.56032198246797,4.63917017082786,4.66934717465753,4.99961808422791,4.76633272594752,4.76334567420109,4.69513928571429,4.63836704384724,4.63196318681319,4.71612831858407,4.77533488205861,4.69048405612245,4.79562740693196,4.71395620715918,4.49663835956918,4.5730952685422,5.03197429078014,4.24153602882306,4.73989807302231,4.71839792899408,4.31316928657799,4.57638452285485,4.62217762063228,4.65479642313546,4.59205268138801,4.4492737804878,4.52628073770492,4.4945905923345,3.94324897959184,4.64778919860627,4.88033333333333,4.48241677018634,4.55186983471074,4.62741776315789,3.56608818897638
"32","Sub32",3.47374864063272,3.47339508110937,3.63166138888889,3.94215895669291,3.9160064484127,4.11595877862595,3.62741968383478,3.76591455859577,3.85899926614481,3.96892892892893,4.12103896761134,4.04682316442606,4.24421299093656,3.86901567398119,3.8914801980198,4.37538979289941,4.59955673027334,4.24037647058824,3.772328187251,4.11284113545817,4.1422951062778,4.25600122729504,4.33938171513061,4.1915176056338,3.89648365056125,4.36809269249632,4.43511911837543,4.309638875185,4.31344777611194,4.30767951268026,4.01531069437405,4.16106004036327,4.15723677644711,4.46187518391368,4.09051683168317,4.19851811414392,4.44867096774194,4.70225404610103,4.34953842364532,4.5348684079602,4.49336050632911,4.22701369863014,4.62418348848604,4.57090263288624,4.42035878818227,4.60377284328739,4.45622426653406,4.47683814887365,4.53173513513514,4.61695066273932,4.62834256055363,4.73088495794161,4.47159208597948,4.35896622613803,4.50664659813999,4.16851627066116,4.3646005859375,4.58003938946332,4.73575760549558,4.53598645987198,4.50667511067388,4.35641889218595,4.49499925816024,4.29994723986322,4.49337942043222,4.65154606240713,4.7033931372549,4.66461289525692,4.5215300407332,4.57117961405245,4.4971572265625,4.50766035415642,4.84498412698413,4.33360527677186,4.02143018018018,4.14706366764995,4.58479965836994,4.57947519646365,4.36211395802831,4.62599852071006,4.63742447278077,4.69338828740158,4.75328007889546,4.65968942731278,4.70603557409225,4.82725587084149,4.57274320316362,4.66368331668332,4.60945581627559,4.60662591050989
"33","Sub33",NA,NA,NA,NA,NA,NA,NA,NA,NA,NA,NA,NA,NA,NA,NA,NA,NA,NA,NA,NA,NA,NA,NA,NA,NA,NA,NA,NA,NA,NA,NA,NA,NA,NA,NA,NA,NA,NA,NA,NA,NA,NA,NA,NA,NA,NA,NA,NA,NA,NA,NA,NA,NA,NA,NA,NA,NA,NA,NA,NA,NA,NA,NA,NA,NA,NA,NA,NA,NA,NA,NA,NA,NA,NA,NA,NA,NA,NA,NA,NA,NA,NA,NA,NA,NA,NA,NA,NA,NA,NA
"34","Sub34",NA,NA,NA,NA,NA,NA,NA,NA,NA,NA,NA,NA,NA,NA,NA,NA,NA,NA,NA,NA,NA,NA,NA,NA,NA,NA,NA,NA,NA,NA,NA,NA,NA,NA,NA,NA,NA,NA,NA,NA,NA,NA,NA,NA,NA,NA,NA,NA,NA,NA,NA,NA,NA,NA,NA,NA,NA,NA,NA,NA,NA,NA,NA,NA,NA,NA,NA,NA,NA,NA,NA,NA,NA,NA,NA,NA,NA,NA,NA,NA,NA,NA,NA,NA,NA,NA,NA,NA,NA,NA
"35","Sub35",NA,NA,NA,NA,NA,NA,NA,NA,NA,NA,NA,NA,NA,NA,NA,NA,NA,NA,NA,NA,NA,NA,NA,NA,NA,NA,NA,NA,NA,NA,NA,NA,NA,NA,NA,NA,NA,NA,NA,NA,NA,NA,NA,NA,NA,NA,NA,NA,NA,NA,NA,NA,NA,NA,NA,NA,NA,NA,NA,NA,NA,NA,NA,NA,NA,NA,NA,NA,NA,NA,NA,NA,NA,NA,NA,NA,NA,NA,NA,NA,NA,NA,NA,NA,NA,NA,NA,NA,NA,NA
"36","Sub36",4.79602999361838,4.86007524752475,4.95027786540484,4.98434645464025,4.993358875129,4.95109957058508,5.35517846385542,5.30860744416873,5.30833209509658,5.49123831775701,5.3602406362237,5.41535916542474,5.51056796601699,5.4451234658812,5.41403232222775,5.38188581669227,5.58059414945919,5.6306375502008,5.65715152247463,5.50382605421687,5.56310458167331,5.63718928923988,5.57117434373452,5.57283153506621,5.43447689938398,5.49794866071429,5.59859638554217,5.57190635953931,5.5138531504065,5.44140807516506,5.41448540326571,5.48807432775241,5.53968329297821,5.52226119402985,5.60125172754195,5.42437235649547,5.52396278721279,5.37586676427526,5.52119950124688,5.54398305929248,5.58358395061728,5.4706424346969,5.4195120240481,5.44789136904762,5.35257341772152,5.3602205955335,5.37909691848907,5.48441151545364,5.51491403940887,5.48222622107969,5.49033383458647,5.48888861629048,5.5252859614434,5.56367620706819,5.56290893213573,5.47510173267327,5.56873229115779,5.56605541749503,5.53954657466732,5.5597858201581,5.42503218562874,5.46076121635095,5.48836505190311,5.49785634233316,5.47293456543457,5.50496463654224,5.47276921157685,5.44577605985037,5.48578946053946,5.54860134462151,5.53255379276153,5.55673080660836,5.43369415552254,5.43276246185147,5.46447266959492,5.51943805080353,5.52315343137255,5.36841371681416,5.48799755620723,5.54993392504931,5.50833207642031,5.56762592959841,5.51885860349127,5.41349618708693,5.47483900851277,5.48876511056511,5.50232858570715,5.35319060773481,5.54316788143829,5.49246389069616
"37","Sub37",4.91939867587795,4.88403190848886,4.90676042873696,4.9683441011236,5.03321663827371,5.06200213675214,5.10698584371461,5.13420645385149,5.17838866396761,5.1728728021978,5.06964665286404,5.24446616314199,5.11946303142329,5.09407607033639,5.17792459396752,5.11378882575758,5.09988438438438,5.16944812362031,5.15880149558124,5.24133492999263,5.1808046018992,5.27095291777188,5.22723145506419,5.12189929328622,5.14490218878249,5.18183188908146,5.21079264524104,5.3219584045584,5.24616724840023,5.19531477927063,5.1974336492891,5.32263457008245,5.21294620253165,5.28251411042945,5.29773210290828,5.26371470245041,5.20791790083709,5.25719041769042,5.21181624825662,5.21065160891089,5.21208558030481,5.22223674033149,5.21085466179159,5.15632523419204,5.14607169930512,5.2035974522293,5.15797554347826,5.20843993035403,5.28169548022599,5.17962962962963,5.32178961748634,5.04234466374269,5.13420843520782,5.13205230431602,5.26928175057208,5.24730757097792,5.21738940628638,5.17487116368286,5.29642053333333,5.2489623714131,5.28112422360248,5.28029422835634,5.28029291287386,5.25374323386537,5.14880544619423,5.0979271978022,5.05990546623794,5.11347943358058,5.05021271306818,5.15088756443299,5.20149008951407,5.28527262113252,5.04352098150782,5.1402386799693,5.11295800711744,5.00554898157129,5.00954048140044,5.08554766474728,5.17186179123711,5.24513241590214,5.14548152173913,5.03816055668703,5.13622994011976,5.19687766281193,5.11747,5.14293027888446,5.21302898550725,5.02697183098592,5.01873047858942,4.97274389312977
"38","Sub38",4.47476891105569,4.80126015767132,4.79379671232877,4.74912738246506,4.89623780160858,4.85904861849097,4.87236285425101,5.13164616166751,4.98698493462194,5.13494672131148,5.17745715036803,5.24198790322581,5.40922852058973,5.23742765616658,5.33634904714142,5.41352260030472,5.3716883248731,5.39043159775396,5.41130731070496,5.24444369834711,5.26931526207605,5.42141717479675,5.36427111444278,5.49765491507977,5.42026055979644,5.4359855549924,5.43178778778779,5.34350076142132,5.41997327281896,5.47882501260716,5.41262191435768,5.51376539440204,5.52108114495798,5.66719526476578,5.64071255060729,5.57567573114418,5.56731149598394,5.68526229919679,5.7009068877551,5.62337790697674,5.66532746478873,5.69543333333333,5.71730616403464,5.69657773217034,5.7547974137931,5.68243135764944,5.69450105596621,5.65883111111111,5.71654358844399,5.59936351975372,5.66927854582693,5.75549748743719,5.69031744008159,5.8042338166753,5.66668482284506,5.69986155429748,5.63550075339026,5.7369883248731,5.76098680935789,5.71316382765531,5.72167683841921,5.74755700652938,5.67917279792746,5.62749598997494,5.74683087861859,5.7977496194825,5.69111891757696,5.71105431547619,5.74493525896414,5.682466380182,5.78972906155399,5.6770297679112,5.58700279471545,5.71151819541376,5.70634745762712,5.77608502340094,5.80993195718654,5.75943178294574,5.72131974683544,5.75084720837487,5.75373919915701,5.73756975560081,5.78034607438016,5.81907287449393,5.86259895287958,5.73515558441558,5.7251602725896,5.76834336734694,5.8499781615033,5.54147235905857
"39","Sub39",3.66734375,3.84431077694236,3.50569537815126,3.61027133015368,3.79294805514525,4.21609716103769,4.04008067729084,4.13711496799606,4.24508125,4.24198415841584,4.12105318615153,4.25248916789759,3.99605931347804,4.05086533665835,3.9435301980198,4.38241768740813,4.14656361386139,4.38465166340509,4.48530809077454,4.13652780586451,4.33724777887463,4.41988171513061,4.34733054287164,4.27582728666326,4.01055933037912,4.21199826043738,4.30981163366337,4.34174839029222,4.29190567901235,4.28357660098522,4.54921480938416,4.41890341753343,4.24761749873928,4.34714682139253,4.1424019127023,4.37997697697698,4.59231960297767,4.35360943015633,4.4438967611336,4.04664982578397,4.11367130089374,4.37769451249388,4.54263897131553,4.67987859266601,4.60136176031825,4.24327017716535,4.48168444444444,4.67670524233432,4.42965413161801,4.4845645081562,4.57700200601805,4.4954368447329,4.59493179587831,4.56951374312844,4.66296626984127,4.54077061469265,4.25970922161626,4.53461706349206,4.81037481146305,4.6844257475925,4.5534072932717,4.31630467571644,3.94276864197531,4.25057407407407,4.15237198189135,4.02071700953337,3.87334254143646,4.21466875312969,4.32504566094854,4.49453476482618,4.43172275238574,4.3899108201581,4.42281246907472,4.62381143430291,4.4765969924812,4.30135199802664,4.41468200728029,4.47910363726956,4.31607893426295,4.56675749250749,4.27551251840943,4.47949974974975,4.55842688442211,4.06590747154874,4.28140900049727,4.43773502767992,4.47406998484083,4.42935635080645,4.64968465767116,4.28214500792393
"40","Sub40",5.14065401184707,5.32098581011352,5.39312854803493,5.41052378348825,5.44934222678297,5.52308144438587,5.65698245614035,5.61243556280587,5.66340266393443,5.60617811778291,5.64620410885806,5.59060049153468,5.63593669022379,5.71748831775701,5.65319270833333,5.70791853360489,5.64209871794872,5.68005927835052,5.68138955301455,5.73141392405063,5.7934317123642,5.74981091370558,5.71767020738493,5.70405271084337,5.69867718191377,5.6734719938335,5.75171560574949,5.73734603421462,5.69780377833753,5.67824423847695,5.77597873936968,5.6552963800905,5.7763229061554,5.61212286432161,5.71085609879032,5.63005920722529,5.59836882322975,5.69913725490196,5.70178128179044,5.59017125,5.70386134876698,5.77155390428212,5.72199683877766,5.67731125827815,5.68602422680412,5.606719395466,5.68762805791313,5.67772811405703,5.66137687687688,5.61751065939514,5.52289670886076,5.67447173586793,5.62479725,5.70372058099458,5.64184808184143,5.45837174348697,5.50625752935171,5.52814656528579,5.55532892107892,5.41861375523013,5.43820150414938,5.38920106761566,5.58719368686869,5.584671277666,5.58809125188537,5.51196890672016,5.50396057884232,5.48082439145554,5.46047554763118,5.58925129533679,5.6010529113924,5.59694325535092,5.4548789260385,5.60825028058361,5.65165677749361,5.5540140478668,5.52377646763673,5.57085155850792,5.4102911913815,5.49853034232365,5.33731320621469,5.35628775948461,5.31557179633867,5.43629913441955,5.33667489919355,5.26464928909953,5.35368204015193,5.4002549071618,5.33966741516966,5.40826392572944
"41","Sub41",4.19617933618844,4.03500819238901,4.26405955603682,4.34112284946237,4.44199374319913,4.55884343163539,4.41273373428103,4.27221671087533,4.44758746048472,4.27012999467235,4.29120128479657,4.45673609625668,4.34183350923483,4.45633225979603,4.27872806067172,4.23963250283126,4.31369487453284,4.07689048672566,4.28655945945946,4.25949517684887,4.3584455026455,4.45983922742111,4.49130518439337,4.48424785867238,4.38281326259947,4.32743965990126,4.55898133116883,4.62396318036286,4.59329372317597,4.57439021852237,4.52234254870985,4.50917671232877,4.62964023760331,4.69354336329984,4.75566736621196,4.67298709677419,4.65790974060349,4.54731038080334,4.72721656217346,4.80541789473684,4.72636503387181,4.89326711229947,4.80657320954907,4.78637402597403,4.77855957446809,4.74699206349206,4.83988375796178,4.72409163655137,4.70750680628272,4.85277303487767,4.71296857923497,4.67840663580247,4.74099685863874,4.84243385826772,4.80466017653167,4.93726284379865,4.67049741468459,4.74824310972439,4.65030071355759,4.72715906708595,4.75647789911597,4.74896865037194,4.74732811684924,4.7001439957492,4.77957579717721,4.73408342050209,4.75298704389212,4.80357220216607,4.64946082474227,4.74366017084891,4.85713302516692,4.85189963598544,4.82317917103882,4.7631902490726,4.71807436297452,4.58835362479247,4.7671260460251,4.79161631578947,4.71316858638743,4.74418624868282,4.57604382780083,4.69461852642819,4.79171504290762,4.6070421875,3.90330195961995,3.56270089619119,3.8543022483393,3.58354017305315,3.64538749126485,3.5839452887538
"42","Sub42",NA,NA,NA,NA,NA,NA,NA,NA,NA,NA,NA,NA,NA,NA,NA,NA,NA,NA,NA,NA,NA,NA,NA,NA,NA,NA,NA,NA,NA,NA,NA,NA,NA,NA,NA,NA,NA,NA,NA,NA,NA,NA,NA,NA,NA,NA,NA,NA,NA,NA,NA,NA,NA,NA,NA,NA,NA,NA,NA,NA,NA,NA,NA,NA,NA,NA,NA,NA,NA,NA,NA,NA,NA,NA,NA,NA,NA,NA,NA,NA,NA,NA,NA,NA,NA,NA,NA,NA,NA,NA
"43","Sub43",3.67697368421053,3.75077104271357,3.77456178489703,3.95900066093853,4.02673624484182,3.8334625,3.75607882534776,3.92147931526391,4.10951402640264,3.69494627299129,3.92899179743224,4.11425812873258,3.95190850673195,4.0052191328935,3.85048141775637,3.90276374077112,4.1475059473237,4.0478420846395,3.98149254385965,3.72294940915805,3.93162239165329,3.97501012965964,3.74761638537271,3.78430423476969,4.12770240415854,3.95275688661115,3.95266132723112,4.06489145658263,3.55819523470839,3.59532062146893,3.74740592447917,4.12633742534837,4.03546762099523,3.82285987261147,4.03313171355499,3.66662052117264,4.17778235294118,4.10650181378476,4.42062573099415,4.23651947656726,4.37180931871574,4.26869400127632,4.09324220698254,4.02475673137132,4.10753098159509,4.14836658999425,4.20750086956522,4.45768909899889,4.40192852437418,4.11494094993582,3.96204699738903,4.26487465181058,4.42164163090129,4.52911950904393,4.23688419519301,4.30654449152542,4.24870588235294,4.33443811320755,4.36590205792683,4.48155761641673,4.4171492338441,4.36025226683938,4.48064962121212,4.40723225404732,4.5652683006536,4.52972496909765,4.33606572923479,4.19374305033809,4.35429984951091,4.39621255876427,4.38099422799423,4.33612068965517,4.30113088642659,4.23598446794448,4.14410143830431,4.2201,4.20291861313869,4.17855760517799,3.98648180715585,4.19394390402075,4.06341768488746,4.17583967741936,4.18370691056911,3.9283155792277,4.17248564294632,4.15187125416204,4.09770481586402,4.24310533869116,4.19745185614849,3.94173368421053
"44","Sub44",NA,NA,NA,NA,NA,NA,NA,NA,NA,NA,NA,NA,NA,NA,NA,NA,NA,NA,NA,NA,NA,NA,NA,NA,NA,NA,NA,NA,NA,NA,NA,NA,NA,NA,NA,NA,NA,NA,NA,NA,NA,NA,NA,NA,NA,NA,NA,NA,NA,NA,NA,NA,NA,NA,NA,NA,NA,NA,NA,NA,NA,NA,NA,NA,NA,NA,NA,NA,NA,NA,NA,NA,NA,NA,NA,NA,NA,NA,NA,NA,NA,NA,NA,NA,NA,NA,NA,NA,NA,NA
"45","Sub45",5.85876430030644,5.9789504454343,5.94656153370439,6.30359935097354,6.42588068472151,6.66442792566549,6.46892515756303,6.60915975103734,6.59869296875,6.5956529113924,6.65491452344932,6.53039138286894,6.60659768041237,6.78940864269142,6.4838555060471,6.50241405820977,6.41752572427572,6.39820494258612,6.40323761149653,6.49122895125554,6.59413661067194,6.61377730460922,6.51614090457256,6.41608870551831,6.42695180722892,6.36418317610063,6.39750399201597,6.55684226491405,6.54623468328141,6.47847944162437,6.53001740665994,6.59392252066116,6.34705233453053,6.46821944877795,6.37028228228228,6.46640782122905,6.65295042994436,6.43158270487682,6.46745766533066,6.46367476214321,6.60334277198212,6.55177057356608,6.47420397603486,6.43285147991543,6.50775551102204,6.49908446455505,6.45562544258978,6.58953634085213,6.56282984693878,6.52760685884692,6.44665280561122,6.5561370240481,6.50117065868263,6.54321975806452,6.44469630233823,6.49183461538462,6.50108287292818,6.41523788883223,6.5277695473251,6.45036905358037,6.25577915376677,6.30022634791455,6.21458350840336,6.27102226825479,6.45647663316583,6.61930887011616,6.34547929141717,6.32176427061311,6.51284895833333,6.17465859255482,6.27755209397344,6.3915611167002,6.38156132792701,6.35977459807074,6.25734722941481,6.43295072239422,6.2165908841296,6.35920583596215,6.34077324675325,6.20420941672523,6.13705034264628,6.10362437455325,6.15844300378174,6.3812854477612,6.15017080745342,6.08303965631196,5.87742560689115,5.64345485175202,6.00426227470479,6.06032395209581
"46","Sub46",4.93702848616386,4.91519577006508,5.04039697133586,4.95519928335171,5.07725435356201,5.22823255813953,5.16431213411389,5.36203019957983,5.31268698347107,5.45362042842215,5.3243674505612,5.42905748031496,5.51681960375391,5.41040417754569,5.36396896370331,5.36666564102564,5.34627242094349,5.32709375,5.21311683673469,5.23246641988366,5.17023633017876,5.32618769716088,5.21696726804124,5.305023556231,5.42797869609856,5.28072422298964,5.35953855975485,5.23171143285072,5.2806887703252,5.40783581323756,5.35272261663286,5.28742125382263,5.10927620967742,5.38532614213198,5.39706147757256,5.36226878466969,5.48575542655225,5.47679145601618,5.41927473090723,5.29217875514403,5.20716733167082,5.43263392857143,5.19930516431925,5.26959760956175,5.30559343177189,5.29698547821733,5.28370227848101,5.33901550387597,5.32935994832041,5.43761618998979,5.04351715550636,5.14026180904523,5.2085991357397,5.23072156459084,5.33765960665658,5.19803783231084,5.21223494595986,5.23893216080402,4.9808611691023,5.22023214285714,5.16279731903485,5.20649227202473,5.31487556334502,5.29894596651446,4.95253324468085,4.96906588160407,5.09366649296509,5.1850766192733,5.22488356164384,5.10146932354484,5.18298778586279,5.18033182060865,5.15859804426145,5.04396213748657,5.22580709296077,5.29022673216132,5.34955098855359,5.20897568389058,5.31249471032746,5.21709179197995,5.08374910485934,5.2049831202046,5.07715764582239,5.20883743455497,5.17611204103672,5.02916184074457,5.06324597402597,4.98468702497286,5.02131486414491,4.83060350448248
"47","Sub47",3.88838082901554,3.94881322957198,4.13138002822865,4.44248103552077,4.65987443946188,4.84759036445332,5.09407551826259,4.94483391608392,5.05222167487685,5.33469808467742,5.21017626613704,5.19879890764647,5.0785479384004,5.20251079317269,5.18562655705032,5.16695057128664,5.23942506329114,5.26129268292683,5.31718981018981,5.42185007422068,5.05923958333333,5.27592913000978,5.56929724409449,5.37362729985082,5.08579994967287,5.4275369261477,5.4838875123885,5.322421277666,5.56675383473528,5.70437975308642,5.37812716615698,5.4203074826561,5.42011717171717,5.49719029663147,5.28062755356253,5.60016388467375,5.53231007371007,5.63464417791104,5.58191902632886,5.64398496055227,5.44124137931034,5.589866273353,5.59435775213246,5.74355446516192,5.5396209086468,5.45445260175167,5.62201302211302,5.3685754950495,5.71389340604859,5.55207787087235,5.61262690980779,5.60697503707365,5.63806671554252,5.78460207100592,5.60393137254902,5.70482366071429,5.56249432659102,5.57689287481445,5.45244740704501,5.76048226773227,5.50052330716389,5.5785105443845,5.80014428710937,5.69151215880893,5.61627084361125,5.54348826979472,5.51444803580308,5.48584753363229,5.55534301181102,5.67171506442022,5.60344497011952,5.37390401002506,5.22868850401606,5.62154261645193,5.33466731994121,5.42486299019608,5.50596367625548,5.61877465820313,5.55884457114526,5.59803743842365,5.40261040235525,5.58505801376598,5.5686162109375,5.54553323558162,5.48515792054929,5.27569360351563,5.41252543209877,5.52836616284739,5.66119533169533,4.55840335128666
"48","Sub48",4.75535201546107,4.9282491926803,5.10144079958995,5.21232370737074,5.35553803245436,5.63647428139183,5.49763775766717,5.5289739635996,5.62115078164397,5.91387935323383,5.9969878296146,5.65718495297806,5.4309772967265,5.82155760598504,5.98332057057057,5.760348663926,5.86607667169432,6.11742406015038,5.85806719876416,6.19560611332008,6.15216791791792,5.8765740648379,6.13000330788804,5.99195512493626,5.86800679758308,6.14482075471698,6.261432224429,5.92869346733668,5.81095743615423,6.03526350328117,5.82206103763988,5.60400756811302,5.75294120603015,6.0395447011552,6.08127306547619,6.19278065326633,6.24356679861455,6.12664360639361,6.04008740554156,6.18737764350453,5.99893530591775,5.92475883838384,6.07286860759494,6.2147192093259,5.97008070175439,6.18906024691358,6.30337691547207,6.34557877892664,6.32215561097257,6.1843056246889,5.83526278118609,6.12367871587462,5.99631438631791,6.12365555002489,6.0581488336714,5.98248966733871,5.64596417759839,6.03667608476287,6.00531262575453,6.18403156063618,6.22022652347652,6.28669732937685,6.28385095447871,6.18231797919762,6.1541367781155,6.14292414314516,6.1043346835443,5.85203776978417,5.93359209864117,5.89295789473684,5.91393394815553,5.99623290064903,5.69783064516129,5.82816417538615,5.47545319693095,5.70950376128385,5.86529244332494,5.82315719228868,5.44041657977059,5.73017916041979,5.70163945918878,5.65860745727602,5.70769011598588,5.62452199191102,5.57584329845541,5.66900520833333,5.80240899795501,5.82608642892521,5.92574974120083,5.61139600249844
"49","Sub49",NA,NA,NA,NA,NA,NA,NA,NA,NA,NA,NA,NA,NA,NA,NA,NA,NA,NA,NA,NA,NA,NA,NA,NA,NA,NA,NA,NA,NA,NA,NA,NA,NA,NA,NA,NA,NA,NA,NA,NA,NA,NA,NA,NA,NA,NA,NA,NA,NA,NA,NA,NA,NA,NA,NA,NA,NA,NA,NA,NA,NA,NA,NA,NA,NA,NA,NA,NA,NA,NA,NA,NA,NA,NA,NA,NA,NA,NA,NA,NA,NA,NA,NA,NA,NA,NA,NA,NA,NA,NA
"50","Sub50",4.73871782907662,4.70252758449304,4.85418004012036,5.10617648578811,4.91330658536585,5.13220827067669,5.03706815920398,5.08412300399202,5.14443781344032,5.01929747149232,5.0262663744198,4.98114740740741,4.89950892857143,5.10010346559518,5.23477714427367,5.06778454452405,5.19961122397156,5.2822235206365,5.18870597484277,5.26478948679621,5.02369811320755,4.88393861436577,5.02401847229156,5.0350102963335,5.31566675297773,5.16981429277943,5.02793180661578,5.06028318363273,4.98003118762475,5.15210903584048,4.91893406593407,5.14214481865285,5.22418436873748,5.00096783919598,5.23080344827586,5.18157759481038,5.15453686058175,5.22468753104819,5.19497215315763,5.05061413043478,5.25319104477612,5.03300952148437,5.06327840629611,5.05445368525896,5.24082744495648,4.92609573894283,5.00522664015905,4.74127177334732,4.86634102060844,5.01986328767123,5.02355317577548,5.02132945544554,5.05983357664234,5.08985188968335,5.05503005865103,5.12416257969593,4.88185471976401,5.19060030090271,5.21712291870715,5.13065683845391,5.15493563387176,5.3076204488778,5.03220329400197,5.19167116233448,5.18668257157207,4.96388993871297,5.34353721518987,5.07135479115479,5.06462420693021,5.01166206543967,4.84058384301733,4.97097751741609,4.83598637739657,5.28135208012327,4.98163181590795,4.96207654563297,5.13746740246407,4.97574784591992,4.83598573573574,4.65475176886792,4.72411313131313,4.96135224948875,4.82877562111801,4.51299485798237,4.69441851851852,4.64069330400782,4.71089248434238,4.63885759327378,4.56503637695312,4.74597692711064
"51","Sub51",3.95565674255692,3.69976956521739,3.89420408163265,4.14659171597633,4.2044707253886,4.3811925,4.26626878914405,3.91009704406023,4.2504192893401,4.15118664563617,4.08898744877049,4.31721309403438,4.00379062019477,4.05526909277294,4.01917214854111,3.79184746666667,4.0439229155742,4.11938532838983,3.95445716510903,4.10802607124419,4.13618759650026,4.26682658359294,4.11272542460113,4.03834190620272,4.10564627930683,4.11377786582145,4.14573786157025,4.03408417419012,4.0340018469657,4.16605080213904,3.9012182112069,4.09223005810882,4.13801104362231,4.16034186422414,4.01451155624037,4.02098094471283,4.04944593147752,3.88194052145573,4.23894364242088,4.20898622366288,4.29329535752401,4.0388122605364,4.21734429347826,4.1222783813145,4.29715806626833,4.3204954954955,4.08750742166025,4.3183516657853,4.24600831099196,4.14908197611292,4.38973510114817,4.23045609619687,4.05547073304158,4.20740979955457,4.11922571893652,4.20011114160263,4.17450883489785,4.20635838307108,4.17073742399115,4.12573180815876,4.1587523943662,4.16098420770878,4.01548610339077,4.11821620847652,4.34417090707965,4.26405591397849,4.23034141471763,4.45504622538293,4.38401375358166,4.24695343000558,4.20343667400881,4.21343112543962,4.19571472053127,4.1562317144529,4.45579859550562,4.31545965417867,4.4924,4.36077327690447,4.28977936046512,4.44378126925447,4.5594105450237,4.7325430778372,4.74027923322684,4.94233382613838,4.79974971164937,4.65933139534884,4.74131237721022,4.83568803418803,4.83987044776119,4.64158643250689
"52","Sub52",NA,NA,NA,NA,NA,NA,NA,NA,NA,NA,NA,NA,NA,NA,NA,NA,NA,NA,NA,NA,NA,NA,NA,NA,NA,NA,NA,NA,NA,NA,NA,NA,NA,NA,NA,NA,NA,NA,NA,NA,NA,NA,NA,NA,NA,NA,NA,NA,NA,NA,NA,NA,NA,NA,NA,NA,NA,NA,NA,NA,NA,NA,NA,NA,NA,NA,NA,NA,NA,NA,NA,NA,NA,NA,NA,NA,NA,NA,NA,NA,NA,NA,NA,NA,NA,NA,NA,NA,NA,NA
"53","Sub53",NA,NA,NA,NA,NA,NA,NA,NA,NA,NA,NA,NA,NA,NA,NA,NA,NA,NA,NA,NA,NA,NA,NA,NA,NA,NA,NA,NA,NA,NA,NA,NA,NA,NA,NA,NA,NA,NA,NA,NA,NA,NA,NA,NA,NA,NA,NA,NA,NA,NA,NA,NA,NA,NA,NA,NA,NA,NA,NA,NA,NA,NA,NA,NA,NA,NA,NA,NA,NA,NA,NA,NA,NA,NA,NA,NA,NA,NA,NA,NA,NA,NA,NA,NA,NA,NA,NA,NA,NA,NA
"54","Sub54",4.26171944301186,4.41062416481069,4.67473470411234,4.66477304964539,5.12772999496729,4.41502314814815,4.80129253731343,4.69217250126839,5.04867267648553,4.9964766066838,5.09086702399183,4.61924598623853,4.73255677655678,4.84485741037988,5.0296453125,5.19132545164718,5.13692220504894,4.83719050077439,4.70043074501574,4.83432723900371,4.92095342752486,4.84808953553441,4.9498418079096,5.18707157894737,4.61235185185185,4.80567803837953,4.85713811728395,4.82938049663735,5.06494701298701,5.48479288702929,5.27951638065523,5.30242007434944,4.96363826963907,4.62470179948586,5.1160413811281,4.87403584705258,5.22104325169359,5.07606726579521,5.18547827239004,5.11492309725159,5.16554219077568,5.36696516500786,5.18590974060349,5.35232329842932,5.31915649658075,5.1290358490566,5.03683887677208,4.90429800774765,4.90240379615185,5.03975275590551,5.27808788853162,5.14936722552731,5.32846503680337,4.94926760190577,4.96669728434505,4.84031092868138,5.18260211449201,4.9432650862069,5.19922411953042,4.69946198217095,4.93580272822665,4.89860679347826,5.0519016350211,4.89356195414847,4.99672033455306,4.80263663581927,4.76504703367183,5.01749920802534,5.17129436769394,4.98868233082707,5.13162987355111,5.1910959161741,5.05873289183223,4.83248071700163,5.04674664879357,4.88954273944387,5.24037046768261,5.14359213305174,4.97167355590885,4.85880610079576,5.09329391350774,4.9340292123109,4.93639633817986,4.77315904198062,4.74479527349973,5.03116103059581,4.96355957336108,4.65158627342889,5.00085148777896,4.56317959427208
"55","Sub55",4.34449387755102,4.2454790174002,4.38762746141565,4.52430223123732,4.51904001032525,4.58313548387097,4.52350535045479,4.60025077479339,4.75071392276423,4.58983262373603,4.72978024193548,4.61007000569152,4.83171033402923,4.5911364902507,4.86028220551378,4.78105414012739,4.53682991452991,4.59572243040685,4.64480936995153,4.64512993421053,4.76678728856996,4.42339982628836,4.39109863429439,4.53276045627376,4.55016758091059,4.62253748680042,4.51818674698795,4.50440427927928,4.60137629994527,4.5039839461419,4.65426827287493,4.35865807888041,4.27261703958692,4.50073898111047,4.2586749301676,4.18166436100132,4.35034162778642,4.10412158054711,4.2797607102593,4.31935426731079,4.57301721398305,4.42049361837907,4.4453418079096,4.37664103403141,4.50351303885045,4.38399747332959,4.16715763358779,4.28293815987934,4.52725733752621,4.38047772701313,4.42720583090379,4.3705253196931,4.19888291796469,4.25832946758039,4.15475136054422,3.94985322580645,3.93463773747841,4.28587440758294,4.22336289445049,4.39306485234511,4.22112386058981,4.37079469496021,4.41408934169279,4.52465269461078,4.57422691662003,4.40481505376344,4.37055450913242,4.15413918205805,4.23143354614045,4.07828118393235,4.12620589872009,4.20546590909091,4.33940892947742,4.19497863247863,4.3781017699115,4.09219490084986,4.14923736199884,4.19939816753927,4.0015765993266,4.31182864891519,4.35919145169449,4.31949396929825,4.21149316508938,4.17062870571222,4.31176243849098,4.27910731975784,4.28420050890585,4.44197013820336,4.4861440080564,4.3935658105939
"56","Sub56",NA,NA,NA,NA,NA,NA,NA,NA,NA,NA,NA,NA,NA,NA,NA,NA,NA,NA,NA,NA,NA,NA,NA,NA,NA,NA,NA,NA,NA,NA,NA,NA,NA,NA,NA,NA,NA,NA,NA,NA,NA,NA,NA,NA,NA,NA,NA,NA,NA,NA,NA,NA,NA,NA,NA,NA,NA,NA,NA,NA,NA,NA,NA,NA,NA,NA,NA,NA,NA,NA,NA,NA,NA,NA,NA,NA,NA,NA,NA,NA,NA,NA,NA,NA,NA,NA,NA,NA,NA,NA
"57","Sub57",NA,NA,NA,NA,NA,NA,NA,NA,NA,NA,NA,NA,NA,NA,NA,NA,NA,NA,NA,NA,NA,NA,NA,NA,NA,NA,NA,NA,NA,NA,NA,NA,NA,NA,NA,NA,NA,NA,NA,NA,NA,NA,NA,NA,NA,NA,NA,NA,NA,NA,NA,NA,NA,NA,NA,NA,NA,NA,NA,NA,NA,NA,NA,NA,NA,NA,NA,NA,NA,NA,NA,NA,NA,NA,NA,NA,NA,NA,NA,NA,NA,NA,NA,NA,NA,NA,NA,NA,NA,NA
"58","Sub58",4.49295424836601,4.59029572446556,4.70256842818428,4.88987641606591,4.96413014743264,5.13033737623762,5.07821464646465,5.1446166920345,5.19991733668342,5.2349956654768,5.22488930163447,5.25809862610402,5.30139743589744,5.1879612854251,5.24354918437963,5.16243289934902,5.32050567340898,5.35958915486077,5.34094883835887,5.36919232649071,5.35587481554353,5.19614747120681,5.15699899446958,5.22081555555556,5.17295949304175,5.33981503461919,5.34681422924901,5.34992324668955,5.30861393969352,5.29781725509697,5.3494812967581,5.25683224346076,5.41203059701493,5.34652882266732,5.29487171052632,5.25352917300863,5.38704220456802,5.41334181636727,5.39060383858268,5.3845675879397,5.42475407407407,5.3801915957979,5.4228637939574,5.39079407370518,5.382975,5.31502628968254,5.35735172241638,5.36144350423096,5.33012270243418,5.24383062880325,5.33909339294585,5.2694537173806,5.31837243621811,5.24283646521077,5.30138168316832,5.29077558082056,5.31070514742629,5.26368065967016,5.30367274088867,5.29274848484848,5.35032503733201,5.2649367816092,5.31259398496241,5.27930299949161,5.12616492965086,5.20522715863454,5.27030742401594,5.2579023397762,5.26994833669355,5.27742150866463,5.28760234215886,5.24264798206278,5.12546108247423,5.32886590229312,5.25333350125945,5.27470108964834,5.19994877561219,5.26161637080868,5.24733025461807,5.23343986254296,5.24271781437126,5.15691637803068,5.16150401404917,5.176625499002,5.19821964017991,5.22544314796425,5.1854584592145,5.2190064229249,5.08745221932115,5.06395934699104
"59","Sub59",5.14530746349378,5.28490888382688,5.20620051282051,5.55324126582278,5.66646287992028,5.88609453993933,5.89683341571923,5.8446717519685,5.73147333671915,5.61198946312092,5.90472233350025,5.92197570140281,6.20676036525173,6.09873055968301,5.86951439205955,5.83362437059416,5.9045405,5.8493381097561,5.7637226762002,6.06604928182268,5.8101415513834,5.77463266832918,5.80240776458952,6.00465460364353,5.81763844221105,6.00775,5.79350452261307,5.71554505888377,5.95119723183391,5.92496500503525,5.70590753948039,5.8748823964497,6.0264885286783,5.87725196078431,5.99207271839922,5.81365017404277,5.74219447368421,5.7530712143928,5.97551697834646,6.08300819672131,6.0999412195122,6.11894151606426,6.0708592610598,6.11544667318982,6.16033079941148,6.04349359605911,5.97984910358566,6.08490638712823,6.17100441826215,6.06588759881423,6.03093180674384,5.73636414194915,5.7409462474645,5.83427118644068,5.9732981764416,5.94559713855422,6.04877497502498,6.0299887254902,5.66170321123934,5.96567622343055,5.9580862764884,5.77896338446314,5.95896115537849,5.98363694898465,5.93388486193294,5.92817792792793,5.73830538922156,5.86383358585859,5.71202691924227,6.08716237623762,5.9806342913776,5.78810565939772,5.98946196196196,5.87997065462754,5.75146301775148,5.89757886977887,6.06251266439357,6.08633146341463,6.13203721841332,5.96102430555556,5.84136800396236,5.90125908412145,5.90146512195122,5.93545972153158,5.77084088568486,5.6835305514158,5.92068392234943,5.85604302443992,5.79055964099595,5.72198937865109
"60","Sub60",NA,NA,NA,NA,NA,NA,NA,NA,NA,NA,NA,NA,NA,NA,NA,NA,NA,NA,NA,NA,NA,NA,NA,NA,NA,NA,NA,NA,NA,NA,NA,NA,NA,NA,NA,NA,NA,NA,NA,NA,NA,NA,NA,NA,NA,NA,NA,NA,NA,NA,NA,NA,NA,NA,NA,NA,NA,NA,NA,NA,NA,NA,NA,NA,NA,NA,NA,NA,NA,NA,NA,NA,NA,NA,NA,NA,NA,NA,NA,NA,NA,NA,NA,NA,NA,NA,NA,NA,NA,NA
"61","Sub61",5.20195246326707,5.36985674381484,4.97650801068091,5.39822707231041,5.23709026054591,5.3240031892275,5.96508974358974,5.63721907216495,5.40321246648794,5.757464375,5.67824158815612,5.80849399849962,5.70525036818851,5.68638001162115,5.53855129076087,5.92087491940683,6.1728134996801,5.97305023734177,6.02982545454545,5.7985075,5.85224865671642,5.50448535564854,5.92969809825674,5.34942398119122,5.8785,6.0247509057971,5.78829515418502,5.91942511261261,6.3023234421365,6.1331873100304,5.86836185983828,6.11471784386617,6.39546007984032,6.04120809455587,6.12042784992785,5.98409820359281,6.13728155940594,6.37438990825688,6.57592050561798,6.20247682323857,6.60357261538462,6.42520484708598,6.3819736503856,6.32776788268956,5.99359312714777,6.27845792880259,6.35192224231465,6.29662440944882,5.69595359477124,6.0451554770318,6.51132624768946,6.28071062271062,6.38252628077179,6.13715172900494,6.30764237183447,6.59694844470046,6.20401067839196,6.31942797783933,6.30444605967865,6.42022276098117,6.44943744292237,6.44676796929518,6.47323620178042,6.60681879194631,6.57150706119704,6.63162096774194,6.75513866829566,6.47097540983607,6.44779005524862,6.07451830110497,6.45339323843416,6.40773097643098,6.36553456221198,6.28029676258993,6.21739695624604,6.08927896551724,6.27506881313131,5.88157088703563,6.2816212675198,5.82372824483776,6.33758120248791,6.36817230169051,5.86828206026629,6.41936987140233,6.1094534375,6.18319788135593,6.20879980842912,6.09594326500732,6.03243378378378,6.04571001757469
"62","Sub62",4.62621858638743,4.6873868101029,4.77836030025021,4.87100969109631,5.06311441765008,5.064170189099,5.17895322997416,5.35558955987717,5.24401988487703,5.28856352459016,5.24510516605166,5.43386745472837,5.48187611940299,5.57707356608479,5.63886293913904,5.7041464339909,5.69522590953786,5.68813862618218,5.62203761178327,5.57450569063632,5.65630737704918,5.7077317617866,5.70325846613546,5.74293520843797,5.60063167351129,5.59373191823899,5.50668339368857,5.68193060498221,5.65955165851006,5.5920868917577,5.69568254790264,5.59824176954733,5.66143426610348,5.67871025375453,5.75491829085457,5.75589231927711,5.76425073457395,5.76604689067202,5.75918927125506,5.73344723490614,5.70310160965795,5.63766347607053,5.54876179367548,5.51636017786561,5.6290363086233,5.75465877367896,5.73498654139157,5.78178402366864,5.77545607429719,5.67332703777336,5.64532569974555,5.66550301053688,5.63061282180717,5.52907906403941,5.71713725985844,5.72152138643068,5.67497802759326,5.74580518518519,5.67144068652196,5.72754939516129,5.60840683073832,5.63995386981035,5.58382197745902,5.65057987866532,5.68875997813013,5.6670432160804,5.58083926780341,5.67381517311609,5.73424974974975,5.64483258817685,5.69236648016277,5.67672851465474,5.63486981327801,5.64630510616785,5.71479700203252,5.70609392838609,5.6531557417447,5.52493692070031,5.574632345555,5.55542329113924,5.60258709839357,5.62779340875553,5.53808969176352,5.59059068010076,5.662105518651,5.58243512024048,5.61649902008819,5.63036905965622,5.63650653266332,5.56648855585831
"63","Sub63",4.27251591089897,4.46338962472406,4.57212588116818,4.6578949704142,4.74838118811881,4.72611726867887,4.63148131811105,4.63539662128089,4.77957692307692,4.79173032290616,4.75168608739327,4.79240877540902,4.80842527040315,4.94821824423737,5.06599950884086,5.05884990205681,5.11694327111984,4.9423884194831,4.83469736842105,5.04296719160105,5.0601284544524,4.82038529847065,5.01359079724409,4.98016657936092,4.9934120741483,5.00960839506173,4.91363622679378,4.97621072319202,5.11929638124363,4.93098656716418,5.07188434163701,5.06197622027534,4.86509170530654,4.95418220338983,5.00414696969697,5.1282044534413,4.94042516161114,4.97993017329256,5.00829373757455,5.22385652395515,5.11456465273857,5.20371795523906,5.09480526834072,5.09400360082305,5.14383409436834,5.17589962626802,5.0073885786802,5.1687718103883,5.1881373433584,5.06687235649547,4.84384750509165,5.09345002922268,5.08915545783756,5.01286127799017,5.02910723318159,5.00595420607267,4.93783231368187,5.11399455394191,5.07682054582904,5.2314381262525,5.2292434982152,5.20114555614689,5.13105459770115,5.2079449197861,5.18544882292733,5.24202813629324,5.17096873371548,5.13833796296296,5.08276805985552,5.07319341772152,5.08277685950413,5.18951650335224,5.06776356192426,4.98593397203522,5.00892995035852,4.95460995429152,4.92093891280947,5.05052533960293,5.05863176599235,4.99512001124227,5.00695726941115,4.97259476439791,4.96007073544433,5.05019661458333,5.06359793541556,5.06659168443497,4.98381214616572,5.0593139167106,5.0255121467526,4.99982311688312
"64","Sub64",3.73660281517748,3.83479993618379,3.93945918367347,3.80955424143556,3.90316737438075,3.91760072595281,3.92157306094183,4.03059230769231,3.99815474860335,4.05860677676538,4.15565779147982,4.19822564935065,4.12471436556736,4.07267728055077,4.1381355656697,4.13871398305085,4.2202409144197,4.23066793650794,3.98821837088388,4.07407700770077,4.13786331979106,4.22802545003104,4.19591120049505,4.23714195583596,3.94609077380952,4.0275669527897,4.08114285714286,4.31619923126201,4.33620673076923,4.17309420772304,4.4298432311622,4.42216563658838,4.2948081824279,4.27296958855098,4.39328944060339,4.56394675740593,4.50029585462805,4.46042830188679,4.54620739842329,4.43078312816799,4.55184835600907,4.65792190305206,4.5948829113924,4.60674121315193,4.62232612723904,4.49767130750605,4.37309217877095,4.54632286023835,4.55305480656506,4.56742358208955,4.5768035326087,4.67180732578916,4.64588270893372,4.36924586894587,4.39589899665552,4.37508273381295,4.42659423205902,4.48234668989547,4.63242515303283,4.34763515801354,4.35803671215075,4.3501055393586,4.25825699658703,4.23683685286104,4.12162599877074,4.35356576271186,4.58913688327316,4.44253258221681,4.38859731343284,4.39563333333333,4.39507873791927,4.57708279316441,4.44630855855856,4.42947142857143,4.41995620875825,4.38218214285714,4.29114177362894,4.48564967948718,4.29342422192152,4.4258447642376,4.32156784759358,4.45840196078431,4.65849856733524,4.64526194353963,4.49842366412214,4.32572584943371,4.40960824108241,4.33419126938541,4.32802936194241,4.41696219822109
