1,2,3,4,5,6,7,8,9,10,11,12,13,14,15,16,17,18,19,20,21,22,23,24,25,26,27,28,29,30,31,32,33,34,35,36,37,38,39,40,41,42,43,44,45,46,47,48,49,50,51,52,53,54,55,56,57,58,59,60,61,62,63,64,65,66,67,68,69,70,71,72,73,74,75,76,77,78,79,80,81,82,83,84,85,86,87,88,89,90
1.2867,2.598,4.1491,2.7788,NA,0.86901,1.0112,2.9228,2.7314,0.8077,1.3433,1.8963,1.4716,1.7342,1.1866,2.6911,2.7644,1.4424,1.6947,1.6233,1.4288,1.2531,2.1353,0.76922,1.1707,3.007,0.54692,1.2246,1.3055,1.0981,NA,3.1866,0.48555,1.0253,0.99216,2.182,1.3165,0.59609,0.88161,0.96671,2.9931,0.99292,0.30731,2.7683,0.98989,1.8942,1.1887,0.94787,0.62442,1.3933,1.4091,1.0515,0.47191,1.5841,1.1591,1.1065,1.6268,1.227,2.4878,1.4955,1.3823,1.1053,1.0016,3.4492,1.9079,0.88544,1.6581,1.0674,1.8832,3.4537,0.76426,0.94832,1.7515,2.5568,0.62413,1.3999,1.2595,1.4251,0.85797,0.37984,0.88138,2.0633,1.0385,1.164,0.91133,1.0887,1.0422,1.9068,0.88723,1.1268
1.2271,1.113,1.4131,1.6981,2.348,3.2478,NA,1.8834,3.6186,1.9353,2.1304,1.2762,1.3555,1.741,3.6783,2.4977,1.1951,1.2304,1.4048,1.205,1.2788,4.0303,1.1508,1.0458,1.9335,1.5852,1.2486,1.5472,1.3126,1.1079,2.0858,1.6534,0.82556,1.8528,1.2266,0.99288,2.4807,1.0962,1.3126,1.0932,1.6947,2.463,0.45434,1.7201,2.3377,3.6537,1.8652,2.2784,2.0993,4.1611,1.4705,1.2051,1.4642,1.1485,2.3714,3.1053,1.2394,2.7775,0.99441,2.2342,1.2886,1.1723,3.4522,1.6761,1.077,1.1521,1.737,1.008,2.2735,1.6272,2.073,1.7234,1.3735,1.2102,3.0716,1.7741,1.4886,2.0037,2.6161,1.5082,2.3687,1.1425,1.0024,1.2536,1.2614,1.0787,0.97166,0.98146,1.6938,1.0896
2.2145,0.75284,0.82578,0.52191,NA,0.54239,1.3324,1.3711,0.84531,0.50079,0.6742,0.71945,1.0706,1.4584,0.3879,0.53615,0.6898,0.49721,0.56248,0.43494,1.4475,0.61216,0.53695,0.41869,0.68608,0.52304,0.84345,0.47153,0.37241,0.38193,0.72212,0.78743,0.63036,0.33351,0.69832,0.3402,0.46096,1.0083,0.57714,0.9802,0.39116,0.61048,NA,0.5944,0.51077,0.61795,0.87484,0.56973,0.40743,0.64764,0.63869,0.62854,0.76683,0.37085,0.49398,0.39997,0.37886,0.44684,0.59261,0.57705,0.38088,0.31668,0.35698,0.36135,0.51753,0.30525,NA,0.51244,0.43663,0.43551,1.217,0.57154,0.72129,0.31085,0.58523,0.26834,0.29664,0.5045,0.62929,0.31065,0.67981,0.96332,0.69155,0.50418,0.2155,0.95332,0.69323,1.395,0.39501,0.46951
0.59214,1.2078,1.2157,0.92273,NA,0.63165,0.93859,1.46,0.94935,0.74882,1.6025,1.0262,0.65727,1.4147,1.1154,1.2773,0.55866,1.1233,0.96207,2.2802,0.44198,NA,1.5093,1.2966,2.2814,1.3775,0.61317,1.681,0.58373,2.1469,0.45247,1.1447,0.63113,0.56473,1.2193,0.97307,1.1635,1.3052,0.58922,1.4551,0.995,0.47744,0.45715,1.0518,2.8689,0.60901,0.70181,0.51909,0.78537,1.0617,1.0631,0.66158,0.73482,1.3904,0.46877,1.687,0.51301,0.38351,0.75965,0.79385,1.4849,1.6338,0.42374,1.1374,0.5872,0.56285,0.37647,0.31736,0.88675,0.42728,1.1047,0.40058,1.1809,0.44646,2.127,1.0901,0.42713,1.7112,0.69309,0.53453,1.424,0.44508,1.6278,0.59286,0.59532,1.2648,0.52218,1.7883,0.88025,0.6296
1.0643,1.6979,1.3997,3.2057,1.3978,0.74389,1.6085,1.4752,1.8575,2.9665,1.9523,2.847,1.3364,1.0918,0.64528,2.1615,0.73523,1.8689,2.0798,0.9779,2.3023,1.9835,1.405,0.91628,1.1964,0.94076,1.0253,1.4326,0.55707,1.2356,0.46247,NA,1.3869,0.90185,1.5874,2.7793,1.5791,1.0575,1.1032,2.0214,0.83037,0.53155,0.71203,1.3438,1.1337,1.8685,0.61295,1.1579,1.47,0.57674,0.46781,1.4778,1.5576,1.3584,1.1385,1.1998,1.7524,0.58281,1.2678,0.6131,2.4033,2.0846,1.0644,0.99111,0.48835,2.7042,0.99961,3.4154,1.1959,1.4917,1.5665,2.1805,0.87371,1.0565,0.88922,0.65529,1.3843,1.2923,0.40899,1.1895,0.38354,1.2179,2.3602,1.2551,1.3702,1.4036,0.99871,1.6421,1.1439,1.3694
2.4708,NA,1.8707,2.9737,2.4808,2.9908,2.3168,1.8899,1.2118,1.9177,1.5725,2.8767,1.3074,1.6205,1.6965,1.2605,1.7368,1.2254,2.1945,1.973,0.86065,1.9288,1.342,2.3704,1.1962,1.9931,1.261,1.4705,1.2966,1.7381,1.7728,2.5187,2.285,0.9762,0.54764,1.5623,1.4489,1.4684,1.5183,2.5282,1.1115,1.3962,2.3259,1.8087,0.99874,1.0278,1.1474,1.6178,1.3176,1.6962,1.7918,1.5534,0.91969,1.3238,1.7967,1.0753,1.0738,0.70659,1.854,1.5972,1.8661,2.0966,1.8377,2.4223,1.5515,1.7382,1.0413,1.5544,2.4825,1.6887,2.1528,1.1568,1.9375,1.1803,2.2955,1.4867,3.2228,1.5112,2.635,1.3432,1.4879,1.5125,1.874,1.4255,0.71905,2.055,0.80064,2.0871,1.7275,1.7092
1.5605,1.661,1.6834,3.3325,1.8942,1.787,3.5632,1.8761,1.3568,1.6651,1.3144,2.3232,1.8429,1.626,1.3075,2.664,1.4832,3.7542,1.6181,2.4355,1.7263,1.8538,1.2476,3.5364,2.2229,0.94232,4.7217,1.7745,1.6321,1.5293,1.7589,2.3764,1.3931,3.1883,2.637,2.2864,2.6489,0.90373,3.3207,1.6016,1.8953,1.7362,2.6941,3.1634,NA,1.8858,4.7965,1.2358,1.5091,1.0631,1.7021,3.8469,2.6104,1.8271,2.5297,3.0612,1.5017,2.326,3.0416,1.3452,1.4942,3.1479,2.5816,0.99198,2.2009,3.7903,2.0251,2.3798,1.0911,1.376,2.4314,1.4954,0.75294,2.9621,1.9081,1.6764,1.5709,1.227,2.6679,2.5974,1.1896,2.6668,2.133,0.77714,1.8511,1.9497,1.3005,0.79651,2.7852,1.2208
1.0367,0.48161,0.92437,0.73404,2.1145,1.4466,1.4424,1.3036,1.159,2.3522,0.90193,2.2205,1.0119,1.1871,0.99807,1.2882,0.79958,1.1636,0.736,NA,1.9988,1.7112,2.5928,0.89407,1.4177,1.2654,0.74023,0.81342,0.88888,0.99995,0.57973,0.79112,0.41488,0.66265,1.1184,0.52278,0.42325,0.46786,1.0291,1.0483,1.108,1.2515,0.5437,1.5503,0.7381,0.82471,0.68769,0.78182,0.65567,1.2558,0.3647,0.76843,1.6331,0.32399,0.47497,0.67607,0.32595,1.9885,2.0826,2.3421,0.53657,0.95544,1.601,0.50266,0.98145,0.80918,0.5894,1.1499,0.93347,1.2862,0.47431,0.43792,0.65794,0.50007,1.808,1.5578,0.36815,0.45311,0.43344,0.74203,0.64956,0.54355,1.3842,0.60206,0.30041,0.449,0.41077,1.1085,1.8144,1.7606
1.7225,2.5855,1.8184,1.7629,2.5258,NA,1.8087,1.704,2.2166,1.7864,1.2108,1.3225,1.4449,1.2205,1.1423,2.15,1.1976,1.1739,1.5654,1.5256,1.0701,1.1459,1.2827,2.885,1.0243,1.97,1.5368,2.6506,1.2193,1.0645,1.2677,0.99978,1.5909,0.82573,1.4892,1.0762,1.0049,1.3216,1.2902,2.1282,1.0009,1.0487,0.90246,1.8604,1.0782,1.397,0.89914,1.5289,1.463,1.9953,1.2336,2.0303,0.61734,1.6944,1.8107,0.73193,1.8246,2.1896,0.98371,1.8994,1.4684,1.0076,1.4895,1.8205,1.46,1.1717,1.348,1.3719,1.1861,0.64029,0.86419,1.4432,1.175,0.80862,1.3231,1.8401,1.2009,1.4432,0.96781,1.0854,0.70858,0.72628,0.81949,2.5605,0.78164,1.3379,0.78229,1.798,0.97338,1.4076
2.0099,2.4755,1.4685,2.9918,2.5913,3.7478,2.0927,3.2908,1.8306,2.1644,1.4315,1.8444,2.4093,1.0659,3.3606,3.1665,0.82963,1.5214,1.8015,1.5913,1.9934,1.6415,1.3556,2.6103,1.0364,1.3789,0.58676,1.4327,2.707,1.4063,2.004,1.4378,1.7896,1.0308,0.8722,0.74736,1.349,1.6868,1.5719,0.97987,1.664,2.0649,2.475,1.8945,1.5197,1.3143,1.6706,0.80491,1.6212,2.2651,0.68883,1.9605,1.4468,1.3579,2.4424,1.4277,0.40514,1.7375,2.2466,3.7324,1.4326,1.2008,1.4132,1.3697,1.5325,2.3063,1.9574,1.5752,1.6464,2.2753,1.7214,1.0648,0.58316,2.2438,0.87017,1.103,2.0331,1.0739,0.64356,0.5849,1.4633,2.1262,0.35514,1.1052,0.63212,2.2547,0.82801,2.02,1.4868,2.7021
0.49537,2.487,0.86948,2.7528,1.2179,1.1332,1.3106,6.5827,1.3349,1.3131,1.5391,1.8243,5.2852,5.6547,NA,2.2095,0.83406,3.3314,2.2092,6.6653,1.8306,2.3364,0.6356,3.1798,0.69419,2.6467,1.81,4.5443,5.5271,2.0171,1.838,1.485,NA,2.5635,4.0868,0.23519,0.6535,2.5973,NA,5.1985,NA,3.3964,0.72399,1.7312,0.80033,0.15752,1.8196,1.1466,1.9515,0.63202,4.9922,2.0913,0.54911,2.2575,0.53619,0.7828,1.4013,3.4643,0.88488,0.59313,1.7724,6.4967,6.9359,0.58577,0.32638,4.7305,2.535,0.80282,3.6327,4.1778,0.47497,3.168,0.40922,4.1168,3.8984,2.2287,1.5597,4.9306,0.56049,0.80199,1.8301,2.3645,2.5629,1.984,0.85981,0.48911,2.2773,0.77846,1.303,0.27833
1.4263,2.2624,2.0904,1.9443,3.0455,1.3713,1.885,1.4763,1.9951,2.165,1.7578,1.6713,1.5914,1.6033,1.7296,1.6487,1.4837,1.4557,1.6114,2.2901,1.3467,2.206,2.138,1.3062,1.2235,1.3865,1.1888,1.314,2.0442,1.827,1.2452,1.6402,2.0273,2.0661,1.577,2.4201,NA,1.6371,2.1306,2.1848,1.9809,1.2804,1.7548,1.492,1.3513,2.5021,1.6821,1.8265,1.2642,1.4038,2.2002,1.9246,2.2143,1.4623,1.7442,1.9293,1.1588,1.4232,1.0192,1.1811,1.6336,1.0939,1.3478,1.2719,1.1562,0.99322,0.90826,0.89697,1.172,1.1568,1.5267,1.1985,1.0143,1.0636,1.744,2.376,2.0814,1.1672,2.6597,1.1744,1.2544,2.1653,1.1696,1.777,1.0015,1.3171,1.1111,1.1657,1.9087,1.0121
0.98153,0.55848,0.60174,1.0692,0.6227,0.57635,0.45699,NA,0.28264,0.52317,0.4933,0.58841,0.2298,0.81753,0.50722,0.33994,0.36763,0.33409,0.47627,0.37239,0.53672,1.0429,0.44088,0.39528,0.40592,1.3419,0.41338,0.41508,0.2991,0.56652,0.92969,0.39,0.42847,0.33503,1.2854,0.33012,0.49482,0.46069,0.39253,0.70388,0.36444,NA,0.67672,0.61012,0.34666,0.41364,0.38424,0.54349,0.48482,0.60125,0.358,0.4338,0.34748,0.25419,0.28932,0.49262,0.50326,0.67976,0.45695,0.43773,0.16974,0.32815,0.3417,0.44737,0.73624,0.41562,0.56855,0.44468,NA,0.40778,NA,0.35399,0.54096,0.44784,0.36885,0.32842,0.34603,0.32163,0.29465,0.28893,0.30156,2.5827,0.26477,0.3157,0.4092,0.78592,0.49945,0.47608,0.92457,0.3732
1.1902,0.88626,0.7503,1.433,NA,1.1534,2.2249,0.61354,2.8591,1.4607,1.4813,3.5298,2.2931,2.3116,0.15049,1.8718,1.6526,2.6382,1.7289,2.4456,0.50568,3.8542,2.2645,1.9998,1.4433,0.63556,2.0802,1.4936,2.3369,1.4309,2.4268,0.7123,2.6688,0.61114,0.96886,2.6723,2.382,0.44408,0.4796,0.60433,0.39913,0.81032,1.0165,1.7664,3.7767,1.3817,2.8839,0.9249,0.74913,0.8812,0.53502,0.5167,2.2908,1.5102,1.2646,1.0441,1.1979,0.29404,1.5827,0.44377,2.2645,0.42507,1.2363,0.91969,0.82214,1.0447,0.53376,0.46801,0.6827,0.37545,3.0137,0.89191,0.64999,2.6552,1.1621,0.51493,0.4859,0.24297,0.30278,1.7149,0.44889,1.4896,1.5703,2.7416,0.62711,1.7027,2.3637,0.56166,0.52655,1.3677
1.1818,0.79773,1.0765,2.5703,1.982,1.4426,3.2482,1.7088,1.3822,0.52301,1.3719,0.76293,0.53214,3.7632,0.53661,0.48551,0.5244,1.6464,NA,2.0269,1.7852,2.4902,2.1699,1.2999,2.087,0.56496,3.0257,0.646,1.3008,0.8966,0.53709,0.73783,2.0903,0.64957,0.59081,NA,2.1799,0.66583,2.0287,1.1326,0.67654,0.56558,3.8378,1.2437,1.3174,1.2225,0.83811,1.3776,1.2263,1.3001,3.9944,0.46477,2.8907,2.1307,1.385,2.4204,0.884,0.76323,1.1925,0.69795,0.63359,0.57706,0.96965,0.40356,1.3891,0.5087,1.1406,2.4011,0.38113,1.8786,1.1334,0.53565,0.88559,2.7166,0.99597,0.72456,0.32668,2.0724,0.9415,0.60675,0.88015,1.8729,1.7473,1.7523,1.2377,0.38107,1.5309,1.9057,1.0833,1.2323
0.99054,NA,1.8074,1.468,2.8844,1.1846,2.2182,1.4414,3.1906,1.6447,1.9764,2.1084,1.9371,1.421,2.3108,1.3891,1.6823,1.6272,1.9023,1.8557,1.593,1.5985,2.2754,1.7976,2.665,1.3865,2.3625,1.4609,1.6591,1.3766,1.565,1.906,1.4922,1.2535,2.1965,1.0463,1.3086,1.8513,1.6992,1.2325,2.4701,1.7805,1.1192,1.111,2.183,1.4023,2.0602,1.4603,2.5849,1.4856,1.1463,1.6538,1.8433,1.4055,1.8,2.3141,1.0714,2.6089,2.4491,1.1637,1.1836,1.335,2.2311,1.0671,2.0516,1.6247,1.7511,1.3095,2.2086,1.675,1.6291,1.9517,1.3432,1.2733,1.1147,1.6527,1.3115,1.6007,1.2809,1.1418,2.4749,1.2714,1.5793,1.8136,1.3561,2.4474,2.6885,1.5348,1.7013,2.5596
2.2394,2.4446,2.5983,2.0708,2.0452,1.3764,2.9371,2.3864,1.9763,NA,2.0553,1.2585,2.055,1.9503,2.1482,1.749,2.0899,2.723,2.2543,1.3416,1.804,1.7021,2.3548,1.202,1.4596,1.5479,1.239,1.5387,2.0337,0.86233,1.655,1.1544,0.90526,1.4595,1.8926,1.3658,NA,1.6233,1.5313,1.4484,1.7844,2.155,1.305,2.5636,3.619,1.4858,1.6995,1.5068,2.3808,1.2908,2.5125,2.0343,1.5576,1.4843,3.2641,1.295,2.1592,3.0692,0.9792,0.93911,1.7152,1.5979,2.1255,1.9487,2.9991,1.0651,2.6724,1.1754,3.5073,1.1962,1.5755,1.4,1.8372,1.5935,1.5846,1.3838,2.7463,3.1654,0.90678,1.1967,1.2997,1.6891,1.8978,1.8575,2.8486,1.4555,1.5191,2.1065,2.2883,1.6456
1.5109,1.0342,2.0744,1.2992,3.5871,1.8276,3.5387,1.1708,3.0854,1.2787,2.8969,2.976,1.6447,1.5014,2.2121,2.5686,1.6169,1.4837,1.0045,2.7385,1.9766,1.7481,2.3104,1.2063,2.0689,1.5425,1.867,2.5511,1.0158,1.7482,1.9069,1.6477,2.2948,1.435,2.7211,1.3753,2.1865,2.7851,1.4935,2.172,2.0463,1.6905,1.571,1.138,2.3616,2.2252,1.7771,2.3182,1.9705,2.1904,1.1536,1.821,1.5121,1.4884,2.2733,1.2333,2.1704,1.3793,2.7858,1.4539,1.7524,1.7789,2.1599,1.1052,2.2621,1.5026,1.1944,1.6285,1.6029,1.8958,1.8191,2.3844,2.4681,1.0752,1.3985,1.5226,2.3462,1.0352,1.8706,1.821,1.5343,1.1216,1.7548,1.7721,1.1432,2.2253,2.5071,3.1471,2.0878,2.435
0.46273,0.94069,0.80487,1.6538,0.621,0.83455,1.372,0.948,0.89099,1.5005,0.94622,0.71041,2.1235,1.647,0.93543,1.783,1.2684,1.0896,1.4111,0.70275,0.7129,1.7016,1.0671,0.75974,0.9135,1.1508,2.0983,1.2205,0.82653,0.75123,0.57362,1.0762,0.92593,1.555,0.95388,0.91977,0.8022,2.3025,2.0595,1.609,0.72043,1.95,0.68668,0.7738,1.9415,0.70778,0.62353,1.5846,1.0787,0.819,1.4153,0.81303,1.8604,0.7775,0.64327,0.85548,0.485,0.81543,0.6516,0.58838,1.6945,0.54108,0.60655,1.5315,0.67497,0.96464,0.42207,0.71383,1.9002,0.87732,0.62957,0.55721,1.1843,0.93582,1.245,1.1815,0.94554,0.49056,0.6767,1.2449,0.51401,0.89981,0.53118,0.64673,1.3356,0.84799,0.38966,0.91884,1.25,1.4727
1.3908,1.643,2.6486,2.3056,3.5096,2.2074,2.0715,2.6269,2.9231,2.5841,2.3531,2.2268,NA,2.7287,2.1277,1.9102,2.6835,1.8482,1.5223,2.8573,2.2992,NA,2.3852,2.4629,1.0626,1.1617,2.2567,3.3828,2.8278,1.3931,1.6548,1.2533,1.2331,2.0526,1.3722,1.7283,2.2966,1.6463,2.222,1.6085,1.2568,1.828,1.9275,2.7539,3.0127,2.2509,1.6899,1.4754,2.0517,2.6306,1.1494,1.636,1.4183,1.2063,1.791,1.7821,1.8301,1.7258,1.5496,1.4285,1.843,1.3086,1.3068,1.3368,3.0061,1.2727,2.3325,1.7533,1.7643,1.7421,1.0088,2.0052,1.665,1.6883,1.6061,1.5958,1.5773,2.8549,1.4016,2.332,1.1215,2.1054,2.0737,1.9955,2.079,1.5746,2.7123,1.9646,3.3724,1.4809
0.98571,0.89896,1.0109,1.9163,1.4689,0.65749,0.93365,1.6592,0.49199,1.1851,1.2355,0.77049,NA,0.66931,0.87081,0.52521,0.57053,1.5601,1.382,NA,1.3741,1.1307,0.87225,0.76941,1.2801,1.4381,2.0988,0.48836,0.31769,0.33651,0.3711,0.429,0.37215,0.46062,0.38786,0.34629,0.45656,0.4298,0.46544,0.3703,0.49631,0.5548,0.56572,0.4487,0.37277,0.39632,1.3441,0.73179,0.80162,0.80337,0.50281,0.31453,0.89699,0.89075,0.94367,0.34602,1.0786,0.49606,1.3923,1.4913,0.82218,1.5841,0.37003,0.49294,1.1598,0.39245,1.0056,0.38683,0.85051,2.1711,0.52089,0.65808,1.1896,0.74797,0.57037,0.81365,0.53996,0.46581,0.86479,0.75471,0.40964,0.79572,0.44104,0.42708,0.78964,0.84007,0.48216,0.68951,0.57172,0.60082
0.975,2.1009,1.1687,0.85914,2.5817,1.7688,1.7737,1.4545,0.92459,2.1321,1.2313,2.2734,1.7915,1.3219,1.5137,2.1052,1.1435,1.0622,1.2404,1.342,2.0333,1.2877,1.3148,1.1688,1.3021,0.86271,1.4899,1.7016,1.2741,0.52679,1.2244,1.2517,0.6144,0.57036,2.0681,0.87708,0.67999,0.98824,1.0216,0.60649,0.56811,2.1425,1.3597,0.73813,0.47433,1.7248,2.7462,0.37059,0.65395,1.6451,0.59437,0.52928,1.5655,1.649,0.85179,1.2618,0.57697,0.65407,1.7963,0.97342,0.41634,1.8185,0.97291,0.91917,0.49375,1.0938,1.153,0.7603,0.59073,1.7287,0.67815,1.6438,1.4764,1.246,0.78892,1.9926,2.3032,0.79441,1.0717,0.37362,1.772,0.76187,0.99432,0.5045,0.53901,0.97266,0.59123,2.7102,1.4975,0.69727
1.791,1.1737,1.053,0.99174,NA,1.6738,1.4602,1.1744,0.94767,0.84164,1.6,0.68614,0.84624,0.899,1.4066,0.58184,0.79528,1.0543,0.74645,0.49058,0.96415,0.43651,0.89275,1.079,0.57912,0.49005,0.90157,0.63702,0.67144,0.62805,0.64262,1.2738,0.98609,0.75982,1.7973,0.83342,0.7071,0.64977,0.63742,0.95728,0.701,1.5681,0.99724,1.0986,0.90766,0.6844,0.59563,0.79937,0.53222,0.61725,1.5622,0.9071,0.91791,1.0767,0.85758,0.48473,0.69274,0.52044,0.54997,1.1892,0.49853,0.66448,0.63196,0.52034,0.38183,1.2884,1.4838,NA,0.76448,1.113,0.8173,0.40693,0.49756,0.63848,0.44559,0.98614,0.6877,0.78302,1.1794,0.54459,0.35562,0.85384,0.4318,0.71464,0.55544,0.73521,0.30477,0.88528,1.0152,1.2612
1.1922,2.7397,1.3923,1.9198,2.787,1.9555,1.8087,2.4569,1.6644,1.2946,1.6624,1.7098,2.2139,1.3536,2.1052,3.4226,1.6905,3.4551,1.1996,3.8422,NA,3.3435,1.5901,3.0726,2.4548,1.689,1.0375,1.7105,1.1741,1.6064,1.4156,2.2605,2.6718,1.2601,1.0662,1.6344,1.7856,3.5961,2.2364,1.9057,NA,1.1724,1.534,2.313,1.3407,1.2355,1.753,3.6674,1.5,2.0998,1.3242,2.0214,1.4059,1.8436,1.0468,1.9226,1.062,3.0077,1.7694,1.8604,1.4962,1.0899,1.3788,1.063,2.9575,1.3554,3.0127,3.0468,1.1569,1.2309,2.2722,2.3269,1.1404,3.3601,3.0836,3.1839,0.99635,3.0199,1.3458,1.2929,1.3536,1.7234,0.96806,1.7737,1.4916,2.3173,0.92081,1.4167,1.069,2.0894
1.7507,1.4295,1.1664,1.2978,0.88638,NA,0.75186,1.9256,1.1022,1.4256,2.0445,1.7793,0.64711,1.8885,0.54579,1.3318,0.65896,0.43431,0.67756,0.54049,0.48303,0.57307,0.47239,0.86824,0.69987,1.012,0.60079,0.55471,0.61477,0.50868,0.61673,0.59358,0.51496,0.38244,0.52589,0.63893,0.79753,0.43566,0.44733,0.47204,0.91463,0.48333,0.44033,0.67275,0.8621,0.43697,0.58066,0.54009,0.55705,0.5264,0.88218,0.8216,0.75046,0.5688,0.39187,1.2709,0.40712,0.81614,0.43428,1.3046,0.50172,0.57252,0.46599,0.42861,0.38742,0.54422,0.47914,0.46893,0.5259,0.96246,0.57962,1.5775,0.76914,0.54699,0.49939,0.44479,0.50987,0.39356,0.55786,0.58124,0.38897,0.63321,1.447,0.79171,0.49669,0.61643,0.77032,0.49924,0.38019,0.51505
1.5054,2.6843,0.97915,0.50082,1.5637,1.4812,0.90203,3.1817,1.561,0.80438,1.4461,0.59519,0.57459,0.7215,2.2652,1.7355,1.7836,0.95159,1.0775,1.4075,1.35,1.3371,2.0547,1.3582,1.2182,0.89322,1.967,0.81217,0.73916,2.4713,0.79561,0.57784,0.76089,0.63719,0.88988,1.1998,0.69482,1.8344,NA,1.7582,1.5501,1.214,0.90493,2.4165,0.49054,1.5772,0.58922,0.92936,1.6142,0.57159,0.67597,0.55332,0.76547,1.5724,1.4354,1.7916,1.8837,1.0804,1.4686,1.4024,1.1133,1.2312,1.5323,0.58485,1.6834,1.271,0.89273,2.119,0.6989,0.47433,2.1987,0.88506,0.71145,0.51001,1.3478,0.99912,0.56592,0.96092,0.71908,0.96282,1.6413,1.0736,1.4493,1.6636,1.0482,1.6005,1.2236,0.49208,0.17358,0.62389
1.3363,1.5703,1.2125,1.7016,1.6932,1.0029,1.2443,1.1356,1.4673,2.3943,1.2431,1.6112,0.99787,1.5752,1.2269,1.5703,1.093,1.2312,1.4879,1.307,1.8374,2.4237,2.7084,2.0095,1.5798,0.90551,1.2978,1.7703,1.4459,1.6241,NA,1.3073,1.264,0.96959,1.5451,1.183,1.4191,1.0206,1.5629,1.5506,1.8021,1.487,1.1424,1.4031,1.6777,NA,1.5663,2.9261,1.1673,1.0945,2.5471,1.8337,0.44152,1.0991,1.1928,0.61335,1.4435,1.625,1.5547,0.8453,2.6163,1.5553,1.5379,0.97333,1.2779,1.4043,2.2914,1.0205,1.4869,1.3247,0.93591,1.5719,1.3896,1.0161,1.6553,2.8881,1.1879,1.0157,1.2704,1.7929,1.0827,1.1009,1.3507,0.82502,1.3322,2.3053,1.1994,1.0482,1.854,2.1597
0.8033,0.77474,1.01,1.8746,1.1678,1.8523,1.6306,1.2505,1.8985,0.62789,0.89126,0.30497,1.1342,1.8191,1.0604,1.4195,1.3484,1.08,1.7937,0.91372,1.4829,1.2004,1.71,1.4363,1.1955,1.512,1.7381,1.2508,1.0075,1.4579,1.4487,0.93975,1.5531,0.87025,0.79314,1.8019,0.99145,1.483,1.6418,1.7397,NA,1.212,0.75971,0.63549,0.99458,1.0594,0.86087,0.85552,1.096,1.9663,1.0943,1.0064,1.3111,1.0002,1.0658,1.1144,2.1949,0.98731,0.90663,0.84557,0.87025,1.667,0.9231,2.3058,0.85188,0.95038,1.0591,0.79969,0.75308,1.0486,1.4426,1.5658,1.4107,1.1331,1.083,1.3125,1.0905,1.244,2.0043,0.82437,0.70531,1.5571,0.86276,0.50111,0.78853,0.8161,0.96636,1.7881,0.96288,1.3233
1.9935,5.3047,1.3024,1.3447,1.5796,2.0885,1.5752,1.7159,2.4562,0.57141,1.2773,0.73644,1.5143,2.0407,1.6295,1.7047,2.4906,2.8413,1.8145,2.6602,2.7203,2.0566,4.7636,2.1751,2.3462,1.2127,1.7817,0.81792,0.91019,1.9175,1.2281,2.7407,1.1757,1.8199,3.4222,4.136,0.86858,0.88831,2.0732,5.0523,2.55,1.9058,2.4274,0.67917,0.97003,2.0949,0.77366,3.0132,0.88735,1.6631,1.5714,1.3579,2.3672,2.9094,0.57744,0.44251,0.62815,4.0286,0.71428,1.8789,1.7753,0.48306,3.0038,1.1687,2.0769,1.7145,NA,3.0245,1.51,0.98615,2.2738,0.60902,1.7958,0.95047,4.0308,4.6938,1.2505,2.8067,1.1522,0.47182,0.57107,2.8505,3.5244,0.45308,2.5526,1.9995,3.4972,0.65917,1.8041,0.86389
1.351,2.3173,1.53,2.0519,1.4889,NA,1.2458,1.5265,1.2485,1.4295,1.3729,1.4886,1.1046,0.57767,0.71174,1.4786,1.3107,2.1561,1.0984,1.4956,0.96592,1.1026,1.5829,1.6067,1.1992,1.2707,1.1729,1.232,0.99066,2.2646,1.4018,1.7756,1.1703,1.3128,0.94407,1.0139,1.1818,1.1611,1.1342,1.1856,1.1176,0.93388,1.9119,1.528,1.4477,1.0364,1.2629,1.4235,1.22,1.0322,1.4883,1.4912,1.3131,1.1245,1.2915,1.1681,1.7145,1.163,0.99285,1.1273,1.012,1.2036,0.97166,1.4797,1.7172,1.3287,1.4529,1.4811,1.9809,1.6722,1.0317,1.2723,1.4941,1.664,1.5615,1.1202,1.0818,1.2524,1.4816,0.7749,1.4497,1.1292,1.6359,1.0324,1.1806,1.3133,1.2423,1.3903,1.6684,1.4005
1.5948,2.003,1.8609,2.4233,2.2121,1.6699,2.5652,1.9333,1.5527,1.1113,2.2941,1.3836,3.2829,1.3734,1.4242,3.6552,1.2268,2.2247,2.3634,2.9248,1.5445,1.3863,1.7942,1.463,1.9785,1.2216,2.3434,1.9595,1.9563,2.3249,1.2994,1.669,1.0906,1.6597,1.6377,2.0775,2.9818,1.8807,1.761,0.83061,1.3524,2.0247,1.5262,2.2672,2.7074,2.6253,1.0289,1.8656,2.886,1.5405,2.3037,1.9495,1.9501,3.1872,1.8107,2.3415,2.3383,2.4318,1.1502,1.7986,1.5982,1.4397,1.7543,2.2389,1.5955,1.7908,1.4663,1.0939,1.5739,1.165,2.6626,1.6909,1.5758,3.2746,1.334,2.3923,2.3178,1.5776,1.3082,2.2836,1.7581,1.4609,1.6744,1.4143,2.5776,2.2248,2.583,1.5883,0.99271,3.6321
1.5908,1.3311,1.2881,2.8496,2.2222,4.3913,2.8673,NA,1.1434,NA,1.2721,5.1551,2.6639,3.4,2.2081,1.0267,2.2179,0.98868,0.91549,1.6072,2.8163,1.4069,4.8306,0.91537,1.2736,1.1489,1.0711,1.3825,1.2518,1.7882,1.5327,2.1457,1.6447,0.91191,3.5009,1.135,1.2079,1.064,1.4669,1.0401,1.2599,1.5515,1.2667,2.7604,4.0345,1.1305,3.1664,1.5936,2.2822,1.6209,1.1164,1.3254,1.9355,1.4982,1.7613,3.2027,1.3954,2.6967,0.97172,2.719,1.0648,1.3634,2.0386,1.2697,1.9759,2.1999,2.0925,0.99233,0.97745,2.4787,0.99246,1.2938,1.3392,1.1983,1.5807,1.3851,1.7977,1.2865,1.5344,1.5472,1.6616,1.2333,1.0602,1.5577,3.8099,1.4283,0.92877,1.351,0.8589,1.16
2.0688,2.1069,1.9892,1.9908,2.7857,2.194,2.5124,2.8066,2.8017,1.8226,3.0534,NA,2.1332,2.4218,1.6568,1.8238,2.8716,2.0584,2.2058,2.3164,2.4756,1.9143,1.7115,2.1025,1.7278,1.8067,1.9788,3.325,2.3152,2.0581,2.3552,1.9928,1.9257,2.5668,2.0528,2.4843,1.9394,2.2102,2.3726,1.9866,2.0364,1.7649,1.7789,NA,3.1686,1.9745,2.0801,2.7001,3.46,1.9028,2.2716,1.4943,2.4051,1.897,2.0736,2.133,1.6741,1.6734,1.8464,1.9027,2.029,1.6344,2.6122,1.9916,1.9929,1.6426,1.8512,1.5959,3.1638,2.1861,2.006,3.0681,2.0476,2.2127,2.2796,1.7915,1.6685,1.6873,1.6114,1.8127,1.7994,1.9604,2.0237,1.842,1.6942,2.1011,1.8185,1.5837,1.6779,1.6273
0.41599,0.98793,1.1309,1.2314,1.548,1.7422,2.9921,3.5684,1.2981,1.7686,0.94843,2.3936,1.7145,3.1057,1.0215,1.0151,1.0483,0.94109,1.4058,2.2712,2.622,1.3938,0.87358,1.999,2.1841,1.7938,0.86374,0.88755,1.9978,3.4635,2.622,1.5505,2.3772,1.1805,0.83853,1.1106,1.4078,1.6836,1.0495,3.302,0.99329,1.5149,1.8115,0.82776,1.9043,0.8406,2.8949,1.8006,1.6882,2.1707,1.0249,2.2313,1.0954,1.1476,2.3781,2.9912,1.9194,0.98474,0.77321,1.8493,0.52702,2.2369,1.5947,1.6795,1.2162,1.1657,0.98144,0.93436,0.91383,0.65045,1.9435,1.5054,2.149,2.1185,0.97095,3.7604,1.4901,1.8137,1.999,1.565,1.4535,1.9262,1.4798,1.5087,0.73974,1.0203,1.0449,1.5931,1.1817,1.6495
1.0921,1.444,1.6194,1.5384,2.485,2.2649,2.036,2.1739,2.4291,1.5312,1.4411,1.3023,1.7695,1.9269,1.7184,2.1389,1.0196,1.9751,1.1566,2.3384,2.2879,1.4115,1.718,1.8131,1.1762,1.9183,1.9709,1.2465,1.7051,1.9371,1.8872,1.8702,0.75926,1.0844,1.1519,1.3524,0.94157,1.3367,1.0128,0.99119,1.7416,1.1331,1.1322,1.9245,1.6861,1.8678,1.2076,1.6362,1.243,1.317,1.2258,1.5999,1.5722,1.6222,1.1757,1.2498,1.5674,1.2675,1.8631,1.0748,0.76632,1.9244,1.0397,1.1049,1.0648,1.0971,1.2432,1.0152,1.0326,1.3343,1.2535,1.461,0.70032,1.4609,0.48598,1.1162,1.7783,1.17,0.87727,1.7941,0.55571,1.2665,1.319,0.92921,0.89965,1.0237,1.2781,1.3494,2.1546,1.9892
0.7953,0.5217,1.7519,1.878,2.1613,1.3659,1.625,1.0663,1.7662,1.7798,1.3789,0.99092,1.8777,NA,1.4448,0.99179,1.1398,1.7265,2.0087,1.4403,1.8708,0.86685,1.0398,1.0746,1.2734,1.4258,0.90546,0.90276,1.4907,1.8831,1.3855,1.4,1.0849,1.2598,1.3679,1.1549,1.0763,1.0464,1.3507,0.73465,0.99887,0.98514,1.28,0.95173,1.1974,0.90508,0.94926,0.88365,2.3318,0.94179,0.9671,1.0434,1.3168,0.71679,1.1087,1.2901,1.3581,0.99662,0.82155,0.86439,0.95288,0.82857,0.77877,1.2285,0.92844,0.96009,1.1155,0.91614,0.83225,1.34,0.87084,0.80327,0.84653,0.94769,0.91173,0.85275,0.77562,1.8802,1.0428,0.96002,0.96178,1.5316,1.0222,0.84701,0.73359,1.1018,0.90292,1.103,1.3672,0.9644
0.94519,1.1254,1.2305,1.1014,1.3577,2.1311,2.0668,2.625,1.5023,2.2968,1.5882,2.0579,0.95098,3.9112,1.9301,1.4825,1.7169,1.1137,3.212,1.1301,1.1948,2.4401,1.55,0.90738,1.5482,1.9758,0.55175,3.3228,0.99453,0.55408,1.3069,2.661,1.7446,2.0356,2.2105,2.042,2.3324,0.56038,1.3479,0.97567,1.0222,1.8108,1.2105,2.1179,2.4387,0.99903,3.119,NA,1.3054,0.75136,1.4127,1.4429,0.51836,3.9711,0.55026,1.6219,0.79922,0.57121,1.5254,0.51305,1.4925,1.9333,0.99738,1.5356,1.1836,0.6497,1.7921,1.2634,2.0197,0.95638,2.2391,2.9729,1.2777,1.1125,0.49572,2.7362,0.65032,2.5174,0.71167,1.7645,1.8846,1.553,1.2109,1.4034,1.3345,0.80845,0.72506,0.70832,1.9088,2.5234
1.683,0.77952,1.8927,1.2587,2.0019,1.4969,0.99722,1.7456,1.7009,NA,1.4189,1.199,1.7213,1.9536,NA,0.53036,1.0741,1.7021,1.4377,1.5105,1.0446,1.8867,1.4634,1.352,0.52878,0.85741,1.4521,1.1549,1.5572,1.0036,1.7252,1.6124,0.66248,1.9259,0.29153,1.6052,1.1662,1.3254,2.8472,2.1526,1.4422,0.81048,3.0253,2.3232,1.5796,0.99897,2.1291,2.6094,1.3358,0.35941,1.9129,1.1555,0.3383,0.6474,1.5576,1.1734,1.4483,1.5629,0.86449,1.3645,0.85995,0.38017,1.6876,1.4883,0.70474,0.89844,0.6035,1.0073,0.26947,0.76145,0.91181,1.9267,1.6095,0.55809,2.0928,2.0485,0.95454,1.2765,1.6414,1.2097,0.39549,1.1325,0.32574,0.98635,1.4331,0.5372,1.3042,2.1441,1.0767,1.3418
1.4051,0.62998,4.6016,0.52244,0.63929,NA,0.76712,0.43804,3.795,1.0553,1.8972,2.0733,1.5873,1.4866,1.4813,1.6862,1.6871,2.2136,2.575,1.8809,0.85043,2.9237,1.5028,0.64708,1.6264,0.82193,0.48445,3.3044,1.4167,1.3746,1.9778,2.697,1.8176,3.5323,2.2161,4.4871,1.6283,1.8258,4.072,1.3536,1.4381,1.1661,2.6097,2.1324,2.3515,1.6712,2.3648,2.5212,0.63147,1.2253,0.89192,0.74019,1.1973,0.88778,1.0618,1.3772,2.3209,1.1605,1.248,0.60057,0.48069,0.77288,1.9438,1.7496,1.492,0.68512,1.1095,1.4698,3.2339,0.622,0.65152,2.2107,1.3874,1.2096,2.096,0.48136,0.75621,1.1584,4.4069,1.478,0.87424,1.389,1.3279,2.325,0.82172,1.3589,0.45501,2.1139,1.6694,0.52076
1.4229,0.72701,0.96352,1.3168,NA,0.76525,0.5349,1.1178,1.4634,0.63687,0.67316,1.7565,0.62445,1.0139,0.78499,1.2815,0.4776,0.44989,0.85086,0.71552,0.61448,0.9609,0.52483,0.63286,1.6247,0.63799,0.56361,0.65543,1.2569,0.53313,1.1904,0.63597,0.72721,0.47824,0.75306,0.4945,0.57837,0.71226,0.51877,1.3332,1.7674,1.3013,1.2016,0.6015,0.70991,0.5929,0.57657,0.42023,0.53967,0.68218,0.84804,1.7589,0.47661,0.40584,0.60561,0.46319,0.5559,0.44661,0.3978,0.44896,0.41377,0.45213,1.3013,0.49967,0.67194,0.46246,0.32823,0.51216,0.33681,0.52545,0.49891,0.57133,0.35076,0.34139,0.57912,1.7304,1.4179,0.57637,1.1974,0.36246,0.48359,0.47453,0.4733,0.55125,0.35914,0.67042,0.60395,0.59634,0.48409,0.49841
1.6656,1.6689,1.6101,2.4283,1.83,1.769,3.0409,1.4889,1.1186,2.2539,1.0414,1.3484,1.4378,1.4124,1.1849,1.3372,1.3422,1.0276,1.4562,1.2344,1.6553,1.3006,1.6327,1.3335,1.3815,1.799,1.5659,1.278,3.0894,0.99502,1.6385,2.1876,1.2979,1.6971,1.2899,1.3256,1.2261,1.8101,2.1411,1.7735,1.564,1.3965,1.2845,NA,1.5849,1.4982,1.381,2.7226,1.8087,1.084,1.2458,2.3157,1.6546,2.0531,1.3171,1.277,1.4062,1.8458,1.7062,0.87434,1.1287,2.5216,1.7686,1.4732,1.4863,1.1068,NA,3.5408,1.8079,1.3265,1.6069,0.91065,3.0797,1.1795,1.8402,1.2121,1.4051,2.2573,1.1935,1.7538,1.98,2.4972,1.884,NA,2.368,1.62,1.6657,1.9217,1.1431,1.168
0.43645,1.7008,0.45023,3.2352,0.46769,0.65111,0.88443,2.1123,0.60613,1.7611,2.0029,2.8405,0.61559,1.5415,2.0318,2.4513,NA,0.61005,0.56152,1.2809,0.73715,2.5941,2.1444,1.0561,0.66853,0.54789,2.2438,0.48055,1.1879,0.70319,1.2629,3.0739,1.8882,0.84372,0.51588,0.25881,0.89146,0.65511,1.5857,0.34537,0.70165,0.81923,0.26245,0.89322,0.27382,0.87585,0.37336,1.4993,1.2718,1.3189,2.8812,0.45348,0.48682,0.72155,0.28813,0.54711,0.46748,0.94476,0.59081,0.46784,0.33757,0.49979,0.59243,0.36565,1.3281,0.91664,1.6544,0.42687,1.9175,0.52018,0.28562,0.57748,0.88125,0.9589,0.49709,1.6631,0.36187,0.37776,0.32004,0.33338,0.25198,0.2856,1.5201,1.159,0.24803,1.435,0.3204,0.53356,0.5366,0.57937
1.422,1.363,1.1125,3.0102,1.1532,1.6618,2.9198,1.7379,1.2201,1.5192,2.2485,1.4072,2.2883,1.7376,1.2335,1.7332,1.1616,1.4298,1.2975,2.534,2.0401,1.3293,1.1209,1.8916,1.7996,1.967,2.0027,1.0033,1.0232,1.2191,1.3743,1.3609,1.5419,1.1579,1.7242,2.2423,1.3852,0.8929,1.1141,1.2972,0.94565,1.4567,2.0987,2.0333,1.5355,1.5376,1.8207,NA,1.2449,1.3497,1.3246,2.3254,0.84786,1.8322,1.3733,1.2132,1.6656,1.3793,1.1243,1.8831,2.1579,3.0948,1.9498,1.3126,1.5066,1.4909,1.4517,1.5329,0.77366,0.82971,1.3229,1.2422,0.98703,NA,1.2853,0.88949,0.88256,0.82954,1.0773,1.2389,1.278,1.5126,1.6773,1.3353,2.2374,2.6928,1.2578,1.8465,1.4085,1.8088
0.97987,1.5248,1.7,2.514,1.3286,1.8233,1.8026,1.134,1.8649,1.6496,1.7293,1.3974,1.4821,1.4785,1.7742,1.5844,1.9523,2.2015,1.6529,1.6694,1.3807,1.9443,1.5393,1.2517,1.4502,2.0822,2.0266,1.646,1.43,1.7424,NA,2.3996,1.219,1.5587,1.7091,1.2277,1.5074,2.7696,1.7144,1.3409,1.3821,1.4644,1.897,1.6447,1.9427,1.2057,1.5339,2.5108,1.9762,1.5259,1.5914,1.7877,2.0666,1.3802,1.4712,2.4922,2.5164,1.5804,2.042,1.5367,2.2109,1.5017,1.1323,1.8516,2.6122,1.3395,1.688,1.722,1.7836,1.2306,2.066,1.1413,1.3603,1.5448,1.3078,1.2519,1.1628,1.0781,1.0399,1.1417,2.3541,1.04,1.3947,1.2054,0.80346,1.3286,1.7886,1.5452,2.2824,2.8467
2.2402,1.5058,1.4945,1.4058,1.316,1.23,1.1574,1.1389,2.1808,0.75012,1.1287,1.0885,1.7366,1.8986,1.6198,1.5186,1.2955,1.1539,0.81362,1.388,1.5492,1.275,1.0797,1.002,1.7675,1.2244,1.1039,1.002,1.9135,1.2552,1.4144,1.2451,1.981,1.264,1.2468,2.3376,1.4919,1.3657,1.0682,1.7206,1.0125,1.1555,1.1609,0.82956,1.1176,1.4436,1.4727,0.93352,1.7416,1.8753,0.83313,1.1304,1.2299,1.1544,2.2415,1.6389,0.86738,1.5642,1.5778,1.0182,1.5247,1.308,2.04,1.3366,1.52,1.111,1.5748,1.2504,0.88938,1.0842,1.2587,0.84531,NA,1.1699,1.2907,1.1416,2.5782,1.5482,1.0269,1.5987,1.6305,0.97338,1.0941,1.0702,1.0904,1.233,1.8635,1.2192,1.9995,1.0373
1.1244,0.80867,3.1364,2.104,2.1844,1.9991,1.517,1.9092,3.1457,1.5838,1.4523,2.6138,2.6925,4.0754,1.7135,0.86545,1.9369,2.0703,1.9837,NA,2.1688,1.7639,2.6592,2.1672,2.0204,1.7649,0.39884,2,2.8261,2.582,2.2499,2.0315,1.6503,1.7992,1.9904,2.097,2.7996,1.0582,1.9155,1.4897,2.5973,2.644,1.5306,1.8356,0.75968,1.3299,2.3459,1.534,3.2126,1.3165,2.4374,1.9893,1.5072,3.3174,1.5644,4.3884,2.4006,0.95947,2.9109,1.8261,0.91812,0.92965,1.7881,1.7459,1.276,1.2677,2.0453,0.57753,0.93181,2.3269,1.1493,3.0487,0.98677,1.8873,0.35131,1.1377,1.433,3.1665,1.46,2.0654,1.3031,1.1432,1.4748,1.1165,1.7145,1.1621,1.6122,1.8512,2.904,1.4491
2.0318,1.8733,3.0158,2.5573,1.594,2.3101,2.277,1.5803,2.4515,3.0434,2.6111,1.9537,2.4908,2.2362,2.0096,1.8936,1.6747,2.0189,1.726,3.1548,3.648,1.1987,2.1602,1.6854,1.3445,2.782,2.1951,1.317,2.4118,1.1405,3.1574,2.4637,1.3206,2.0299,3.8033,2.4007,1.7171,1.612,1.4369,2.1249,1.7864,1.6299,2.7677,1.5211,1.9594,2.1447,2.3762,1.9184,2.6105,1.6158,2.1295,2.5494,2.2684,2.6476,1.5614,1.5299,2.4267,2.8764,1.5682,1.158,2.2651,3.6108,1.4047,2.8183,2.4178,3.2551,2.1578,1.817,1.5206,1.8503,3.741,1.0327,1.8571,2.8662,1.7874,0.98693,1.5351,1.4172,2.1091,2.3243,1.4544,1.3471,1.6171,1.2792,1.7645,1.2342,2.1598,2.332,1.2592,1.3752
0.80463,0.94765,1.2283,0.86332,1.6257,0.73761,0.16514,0.67693,1.8283,1.0644,2.529,4.2686,1.0985,3.2241,1.434,2.7796,5.7594,0.86681,1.7228,2.71,0.54708,1.3148,1.8784,1.9717,1.8103,1.1022,1.3481,1.036,3.2537,4.6222,0.77378,2.3164,0.99255,1.8262,0.11258,1.514,1.1423,5.8838,2.144,1.9432,1.3813,2.2955,1.2558,3.1968,2.6493,0.10974,1.5644,0.37075,2.2575,1.8896,1.6232,1.1139,0.99661,0.89101,1.6176,1.3193,0.52371,1.2529,1.7182,2.149,2.0405,2.6404,5.1275,1.5866,1.2469,2.2407,3.4224,0.32305,0.51465,1.8061,2.1431,4.9178,5.0153,2.6461,5.4528,2.8127,4.9873,1.4886,5.0231,1.9678,5.41,4.4076,6.099,3.3837,3.5811,5.318,2.9138,3.879,0.95442,2.3885
0.57146,1.5827,1.7944,2.9878,1.0065,1.6973,2.2066,1.5777,1.5462,2.2591,NA,0.95352,1.0379,2.5546,2.0675,3.2029,1.085,1.1845,1.8935,1.0733,1.2937,1.9493,0.83395,1.063,1.8107,2.4181,1.6307,1.6306,2.38,1.1946,2.4162,0.83796,1.6383,2.2037,1.6728,0.74583,2.6728,1.7972,2.0992,1.5394,1.5636,1.1707,0.99492,0.61821,1.6671,2.2163,1.2715,0.96272,1.1632,0.69361,1.1048,1.1573,2.3242,0.59678,1.2875,0.73795,2.5304,1.5452,1.7108,2.3638,0.86961,1.357,1.3834,0.45932,0.46096,1.1131,0.88356,0.64476,0.45755,0.59753,1.9042,0.62444,0.93842,0.45001,1.8029,0.6572,1.4253,0.62854,1.7262,0.94721,1.5323,2.5467,1.3391,1.6816,0.64701,0.59199,1.0275,0.37278,1.8882,0.62994
1.6671,1.4867,1.2918,1.3996,NA,0.80554,1.5852,1.1428,NA,0.73827,1.1372,0.85394,1.5559,0.34119,0.55787,0.62162,1.0518,1.0586,1.232,1.1177,2.2326,0.66012,0.59172,1.4974,0.84127,0.68975,1.4346,1.2455,1.8562,1.3799,0.60999,1.3581,0.50528,0.80726,0.45096,1.3037,NA,0.63313,1.1607,0.46008,0.89585,0.56822,0.3997,0.2638,1.6968,0.52031,0.64724,1.0095,0.53771,0.77614,2.4751,1.6749,2.0416,0.41478,1.1925,0.82,1.9247,0.29555,0.90085,0.72111,0.97046,1.3363,0.91776,1.5446,1.0294,0.74765,1.4247,1.1036,0.48317,2.0772,1.1372,1.2772,1.2723,0.37867,2.5731,0.57976,1.3475,0.79182,1.3918,0.8578,1.4589,0.81294,0.42402,0.87783,0.45652,1.6259,0.46687,0.76102,0.83196,0.34833
0.85728,1.4677,3.0951,2.0348,2.8578,1.1257,NA,0.97385,1.2741,0.74182,3.0724,1.0847,3.517,2.1368,1.5067,1.3968,1.2145,1.0572,2.2971,2.2008,3.1435,1.1449,3.0776,1.6532,NA,1.1639,1.543,1.9932,1.1225,0.57727,1.0641,1.1657,1.3144,1.5824,0.98052,1.5072,0.99676,1.3357,1.012,2.2754,2.825,1.3836,1.5736,0.55602,1.0815,1.0842,0.46174,1.2062,1.7834,1.6642,2.5861,NA,1.4217,1.8131,4.3154,1.5243,1.5608,1.352,1.9666,1.015,0.9149,1.2879,1.2028,1.1312,4.1118,0.97072,1.1969,1.671,0.95647,1.1119,1.2838,2.6582,1.4714,1.389,2.2803,0.27056,1.2467,0.68525,1.0593,1.6159,1.4623,1.1379,1.2065,0.33835,1.1805,1.0094,1.6782,1.1681,1.4752,0.8151
1.6995,1.2409,2.2544,1.5831,1.8104,2.4527,1.0156,2.0558,1.1303,1.6443,1.9898,2.2681,1.2689,1.781,3.2457,0.61832,1.4086,1.6981,2.2,1.1679,2.3782,1.2579,1.4121,1.4276,1.0823,1.121,0.96735,1.2933,2.4651,1.5504,1.7644,2.7699,1.4221,1.1032,1.2335,1.1944,2.7432,1.5254,1.02,1.5067,1.7633,1.2478,1.3196,0.96438,1.6311,0.98824,NA,0.62216,0.97757,1.5149,1.2298,1.205,1.0821,1.3121,1.0265,1.3629,1.7435,1.2674,1.0872,1.8862,1.4566,2.1238,0.65751,1.4883,0.85863,0.65388,2.2298,1.4489,1.3151,2.067,1.4916,1.1468,0.82449,1.278,1.9627,1.868,0.95527,0.95665,0.86867,2.0042,2.9529,0.78048,1.1533,1.0186,1.4147,1.7091,1.6282,1.6648,2.2181,0.81418
0.58744,0.67299,1.1652,1.2916,1.3389,3.0553,0.55337,2.993,1.1744,1.0514,2.3889,0.96147,2.8423,2.2425,2.8516,1.7579,1.1487,1.0177,0.42019,3.1181,3.5285,1.6971,1.4286,1.9958,0.55847,1.7441,1.7076,NA,4.6398,1.9914,1.9965,NA,0.46727,3.2843,2.4074,1.4658,0.49727,1.6122,0.36363,0.37728,0.40145,2.1289,NA,1.5914,NA,1.6302,1.4839,3.687,1.6642,1.7,0.78865,0.79926,0.99691,3.3546,1.2936,1.2805,1.6084,0.7611,0.87672,0.45278,0.32245,1.1629,0.4063,2.6177,2.5382,3.6996,0.42275,2.809,1.0738,2.3618,2.2439,3.925,2.4137,4.407,0.17245,2.1759,0.11256,0.53904,2.4049,1.7389,0.54827,2.9268,0.37898,2.9273,2.0969,1.5544,0.51447,1.6934,2.3132,1.502
0.49258,1.7971,0.63609,1.5289,0.95987,NA,0.43117,0.86854,1.7326,0.77684,0.41416,0.60833,0.49987,1.6733,0.29758,0.38407,0.43977,0.63109,0.35337,0.59166,0.50079,0.69282,0.52218,0.83466,0.38151,0.47698,0.7607,0.44124,1.6806,0.79505,0.33383,0.70675,0.4403,0.32234,0.91346,0.33176,0.31307,0.41974,0.44399,0.76188,0.46029,0.56273,0.58939,1.0617,0.48772,0.9378,0.4199,0.41689,0.4557,0.52158,0.41837,0.41698,0.49847,0.33678,1.161,0.47425,0.56676,0.43197,0.39656,0.41926,0.57943,0.31316,0.37549,0.541,0.50473,0.94696,0.5646,0.81677,0.56566,0.31015,0.36896,1.0783,0.71019,0.37432,1.1127,1.0765,0.49022,0.4104,0.47884,0.40203,1.0526,1.6654,0.44621,0.69441,0.56756,0.7818,1.3109,0.54427,0.9971,1.2704
2.788,NA,2.957,3.0441,4.1248,2.7165,3.4553,3.4727,2.1921,3.3053,1.8024,2.9187,3.2077,2.2063,2.2618,3.3377,2.0193,2.2356,2.6935,2.0388,1.9371,1.9301,1.976,1.4512,1.9698,1.9177,1.839,1.902,1.2874,2.4129,1.9186,2.7228,2.0795,1.8102,2.0388,2.3905,2.2543,1.5076,2.1489,1.6099,1.9782,2.3337,1.7892,1.8333,1.6281,2.1624,1.4253,1.9545,1.5034,1.7279,1.6826,2.1398,2.342,1.6516,1.7826,2.3716,1.5709,1.6549,1.3588,3.116,1.914,1.6559,1.6304,1.3648,2.353,1.7864,2.5933,1.7259,1.5905,1.4693,1.2882,2.742,3.4963,1.9381,1.8372,1.6895,3.5071,2.4414,1.5669,2.3918,1.9139,1.7352,1.9106,1.4131,1.4821,3.2036,2.2502,2.3739,2.0234,2.6598
1.8092,1.7854,1.65,1.6275,2.0682,1.1929,1.1847,1.475,2.2114,1.8858,2.0471,1.825,1.6595,1.482,1.8985,1.4455,0.99764,1.768,NA,1.305,1.9577,1.0662,1.322,1.5022,1.0902,1.2213,2.0314,2.2154,1.3938,2.2292,1.6883,1.0859,3.2442,1.4393,1.7984,1.5308,1.0891,1.1871,1.6907,1.2968,1.4098,1.1002,1.2952,1.6043,1.3918,1.0607,1.3497,1.8022,2.5758,2.2146,1.7012,1.055,1.797,1.4706,1.1177,1.1726,1.3703,2.2595,2.1065,1.1023,1.124,1.5063,2.7729,2.7277,NA,2.7015,2.113,2.1862,1.6775,1.7242,2.0768,1.6121,1.5636,1.4334,1.5692,1.6254,1.6436,2.1412,1.2578,1.0716,1.5919,1.4288,1.4328,1.8881,1.0693,1.2809,1.3604,1.4323,2.2762,3.1256
0.58451,2.1425,3.2989,2.0954,1.6766,1.2875,1.1557,1.6024,2.6157,1.9262,1.6158,NA,2.4015,1.9771,1.8211,1.7612,0.74795,1.3238,1.0719,3.0004,0.85431,1.6312,1.647,0.89865,1.4226,1.645,1.3642,1.1916,0.88366,1.9882,1.8571,1.0981,3.0219,0.45085,1.6502,2.3922,1.4144,1.865,1.344,2.3891,2.1865,2.3831,1.3813,1.0512,1.3012,2.4244,2.2235,2.415,2.1135,1.1635,1.9923,1.3439,1.7545,1.3001,1.3825,1.1266,1.4499,2.8144,1.196,3.3329,1.2074,1.7126,1.8217,NA,1.1609,1.7114,1.759,1.0394,1.6021,1.5376,1.5653,1.5887,1.7141,1.3318,1.5527,0.67149,1.3731,1.8262,1.543,1.4919,2.0809,1.3305,0.79315,1.8704,1.2454,1.6067,1.0266,1.9832,0.86802,2.1951
1.4615,1.2651,2.0249,1.9523,1.6635,2.7539,2.8082,1.5787,2.1312,1.9922,1.6659,1.9437,1.4159,1.719,1.8096,1.8496,1.9326,1.0532,1.8812,1.3855,1.5045,2.0779,1.6987,1.0067,1.4187,1.2005,1.4195,1.504,1.5542,1.1747,1.5668,1.0736,1.1906,1.3022,1.6627,1.0712,1.1254,2.1116,1.309,1.3367,1.4699,1.1303,0.97276,1.171,2.8019,1.3221,1.7035,1.0825,2.314,1.4145,0.95508,2.6297,1.1067,2.2327,1.8181,1.8642,1.5766,1.3911,1.6722,1.1975,1.4203,1.8356,1.3398,1.4088,1.393,NA,1.608,1.2397,2.2236,1.4573,1.3054,1.9019,2.2043,0.99281,1.5952,1.5122,0.92255,1.0388,2.0006,1.1771,1.694,1.9098,0.82408,1.4485,1.3146,1.8412,1.4574,1.52,1.3451,1.2781