1,2,3,4,5,6,7,8,9,10,11,12,13,14,15,16,17,18,19,20,21,22,23,24,25,26,27,28,29,30
1.3364,3.1206,1.1981,2.2689,2.5295,1.6695,1.4719,1.2082,1.3367,2.4231,3.2711,1.198,3.2687,1.5239,1.1567,1.3723,0.87143,2.7841,0.73529,3.318,1.7282,2.283,2.8387,0.93807,0.71873,2.3118,1.2763,1.4933,0.88281,1.6829
1.147,1.5012,1.4487,5.4704,2.6941,5.1362,4.2441,4.4973,2.5368,2.9753,1.5724,1.1579,3.72,1.0526,1.7169,3.2293,3.9352,1.4076,1.241,2.0882,4.1301,1.2455,1.2619,1.4997,1.3358,1.1967,1.5289,1.8418,1.4419,1.2458
0.66301,0.86866,1.4929,0.61645,0.6618,1.1696,0.59978,1.2138,0.91988,0.52099,2.7995,0.50432,2.4052,1.8653,0.95968,0.43663,NA,0.76078,0.87594,1.2736,1.8545,0.29683,0.50979,0.93602,1.0001,1.22,0.76276,0.87838,0.45976,0.46515
0.94509,1.382,1.4484,2.4606,2.0027,2.7017,1.2756,1.6219,1.981,1.368,1.5704,1.325,0.98562,0.62487,0.92738,0.78511,0.76991,1.0386,1.552,0.66602,0.78933,1.6411,1.1297,1.3099,1.7368,1.9867,0.95259,0.91966,1.2189,1.2147
2.7473,2.703,4.3044,1.8845,2.4398,1.6514,1.8892,1.112,2.8803,1.0777,0.72281,1.5546,0.64442,1.2664,1.0167,4.1022,0.78594,0.78231,0.933,1.6723,1.7563,1.0138,1.1507,0.59392,0.42722,1.2137,1.7538,1.1136,1.5636,1.4888
2.6189,3.1235,3.1669,2.0205,1.7049,1.1344,1.8316,1.9892,2.1857,1.8302,1.8148,1.828,0.50086,1.9309,3.2927,1.3495,1.3545,1.6987,1.9656,2.0313,0.90642,2.5116,2.1214,1.607,0.81681,1.832,1.8822,2.3911,2.5329,1.7953
3.038,2.7205,2.5202,4.036,2.6158,4.3336,1.5483,1.314,2.7157,1.4837,3.1335,3.023,2.5695,1.1272,3.2296,2.6809,1.1717,2.0743,3.8377,4.3149,0.88243,0.8595,0.90629,2.2576,1.1639,1.8966,2.462,2.3322,3.8343,2.0454
2.267,1.0428,0.87396,1.8619,1.5339,1.6659,2.7454,2.316,2.8873,1.4293,0.59053,0.53232,0.58918,0.8183,0.61599,0.90525,0.90095,0.91497,1.5477,0.72512,0.95464,1.4933,1.7176,0.6954,2.4674,0.94983,0.85678,2.5117,0.75338,1.3079
3.2634,1.6319,2.4174,1.8904,1.4193,0.92041,2.0131,0.87512,0.84575,2.58,3.1356,3.8764,1.3442,2.0713,1.7376,2.1172,3.4113,1.6801,1.0369,1.9704,1.8036,1.5023,1.0459,1.7988,1.6556,2.1419,0.91575,2.7963,1.0529,1.0568
1.5487,2.253,2.0861,3.0693,1.5193,2.743,2.2965,1.87,1.368,0.94149,1.4374,1.4681,0.55649,3.68,2.9512,1.9169,0.96922,2.2356,0.86338,2.4479,2.8558,1.5586,0.99339,0.62343,1.9697,2.4024,1.2047,0.60319,2.9561,0.717
1.8692,1.761,1.582,2.0843,1.8038,3.565,1.9049,1.0887,2.6166,2.3863,1.4925,0.6774,1.0162,1.7414,2.9357,0.6784,1.7295,0.71795,2.4076,1.8281,1.5888,1.8259,0.6766,4.1004,1.0776,1.3335,0.66616,1.3103,2.2238,NA
1.8879,1.5675,1.7168,2.457,2.2706,3.4343,1.9485,2.3626,2.1492,1.9058,2.3573,2.3755,2.297,1.0743,2.1841,2.225,2.1658,2.3756,2.3494,2.2054,1.3557,1.6811,1.4789,2.0273,1.5826,2.6635,1.9938,3.0268,1.5294,1.9192
0.2837,0.45256,1.6852,0.93784,0.96815,0.59492,0.5702,1.02,0.99614,0.47985,0.41828,0.74145,0.49944,0.37768,NA,0.41429,0.46702,0.79245,0.61561,0.53616,0.62654,0.39698,0.7409,0.69824,1.7108,0.59331,0.63136,0.51491,0.84143,1.0508
0.90791,2.3359,1.7975,1.7932,2.6771,2.1994,2.1306,2.1418,3.3147,2.7782,2.9737,2.8345,3.4082,1.3884,1.8519,1.895,3.1156,2.0068,1.0474,2.0407,2.2902,1.9454,2.0708,2.7182,2.0015,1.7061,1.8691,1.8178,2.0323,1.8304
2.3834,2.2894,1.9157,2.3733,2.2327,1.9185,2.5162,1.1897,0.98043,4.0052,2.0098,2.1474,0.83755,1.5989,1.9067,1.0073,3.5479,0.54802,1.2126,1.7581,2.194,1.3448,2.0711,2.0271,2.789,1.5283,1.0503,1.5406,0.37818,2.3535
1.3796,1.5906,1.4523,1.1407,1.0881,1.8514,1.5513,1.5312,1.3439,1.6805,1.4194,1.9357,1.4677,1.5546,1.837,2.1328,1.5944,1.2328,1.3304,1.7729,2.5686,1.2309,2.0882,2.5597,1.3522,1.685,1.5098,2.1065,1.7023,2.3134
2.0663,1.7157,1.6459,2.4687,1.5248,1.2435,1.5724,1.7373,2.0786,1.2861,1.4603,2.1577,2.9426,2.0346,1.7095,1.1582,1.2525,1.4195,3.5972,2.5611,3.2774,0.89724,2.8198,0.57835,0.65964,1.9419,1.4624,2.1515,2.1196,1.5371
1.6898,1.4625,2.5037,2.0074,1.3927,1.1916,1.4993,1.5294,1.4183,2.1704,1.4196,1.6892,2.8151,4.3852,1.9338,2.6016,1.8418,1.3987,3.3751,1.799,1.974,1.5312,1.6269,3.0278,4.1786,4.0341,1.159,1.5021,2.0159,1.8346
1.9416,3.5195,1.0492,1.2606,1.499,1.1784,1.2872,1.671,2.8995,1.8961,0.6329,0.87438,1.3721,1.3022,1.0603,1.8161,2.0231,2.1668,NA,1.3401,1.7994,1.2603,1.6807,0.62546,0.81875,1.5424,0.73228,0.87164,1.6754,0.71922
1.596,1.1816,1.4529,1.7135,1.4141,2.2453,2.1641,1.8157,2.131,1.9333,1.6415,2.1906,2.1896,3.579,2.5734,1.7164,3.6056,1.8167,1.2655,2.1101,1.832,3.2963,2.5932,1.778,2.0136,1.5278,2.437,2.5129,1.8025,1.7445
1.2274,0.9254,1.9761,1.6119,1.397,1.8014,1.1683,2.3926,2.3183,1.057,1.3158,2.8765,0.98556,1.3882,1.6582,1.0111,0.6886,1.2291,0.78725,1.1436,1.8464,1.7322,1.7728,0.45923,1.4389,1.0604,0.9831,1.491,1.6315,NA
3.4439,3.7833,1.4172,1.3277,1.0034,3.1592,0.50826,1.0752,0.78822,1.2463,0.92098,4.2899,2.0773,1.9998,2.3401,1.8071,1.3576,1.9498,1.0499,2.5528,0.67249,1.4449,0.98173,1.6557,0.78246,2.1667,0.9646,1.4165,0.87187,1.3421
2.6878,2.4985,0.39129,1.8973,2.8426,3.4303,1.4283,1.8521,2.4595,1.7672,0.66442,1.8525,1.1835,1.3944,1.3075,1.9527,1.1825,0.95625,0.92604,0.7323,1.1002,1.1695,1.799,2.5297,0.72829,0.82278,1.2868,1.2143,0.56228,0.67232
0.93451,1.1737,2.4808,3.95,3.9167,3.1444,0.9724,1.8658,3.6885,2.2419,1.2615,2.409,1.2903,2.5467,1.6229,1.4695,1.2034,2.3763,4.0781,2.4998,1.4443,1.9925,4.428,1.5307,1.3334,2.5742,1.5109,4.3122,1.7254,1.9186
1.4643,1.8492,1.6707,1.7065,1.4028,3.8386,2.8775,2.9854,3.2182,1.6947,2.6243,1.8491,2.3748,1.9494,1.8783,1.8784,2.2603,1.5508,1.6277,2.5598,0.98379,1.3035,1.2549,1.7785,1.106,0.96767,0.87345,2.8789,1.6797,2.1654
1.4369,1.4535,1.2095,1.0458,0.75558,1.2328,0.71571,1.344,0.6253,1.5891,2.2874,0.70315,1.6638,1.1379,2.5612,3.0905,1.2093,0.72014,0.60322,NA,1.4,1.6631,1.3845,1.3037,0.97813,1.4767,1.487,1.0942,0.84616,0.58331
1.2445,1.4332,2.4148,1.4354,1.2503,2.1463,1.0345,1.5053,1.5587,1.0555,1.8825,1.3461,2.3795,1.6565,1.8414,1.3679,1.76,1.3386,1.7183,2.1056,1.5934,1.8964,1.2829,1.249,1.2086,1.2021,1.25,1.8947,2.1641,2.0068
1.8035,0.81022,1.5881,1.6432,2.3801,1.1558,1.3318,1.3988,1.5509,1.0765,1.4467,0.72879,1.2892,1.7795,2.3995,1.2591,1.0414,0.98763,1.5596,2.0405,1.2956,0.66117,1.0268,1.1174,2.0633,1.6449,1.9762,0.92671,1.4817,2.2587
0.96174,4.3899,2.4913,1.9143,2.5763,1.3531,2.3025,2.4381,2.1881,3.8955,1.3008,1.1853,2.3229,1.5421,0.78244,0.5755,1.1372,1.0162,0.68542,0.72458,1.9158,1.0952,0.80197,0.64534,0.85323,0.86821,2.7322,1.7466,2.6668,1.1637
1.1359,1.5923,2.0519,1.2993,1.5897,NA,1.2312,1.713,1.2594,0.70925,2.216,1.2453,1.4982,1.2909,1.4284,2.2225,1.0804,1.4899,0.74135,1.5461,1.351,0.64903,1.3121,1.0951,0.91095,1.1857,1.5892,1.314,1.401,1.6404
2.1452,2.2432,3.704,1.6264,1.3182,1.3993,2.4644,1.4483,2.2513,2.2524,1.2772,1.6382,1.5793,3.392,2.9529,3.0862,1.7393,1.0968,2.6684,1.1934,2.3185,0.98141,3.2787,1.4248,1.5107,3.7652,3.3613,1.9596,2.9487,1.7515
1.193,2.4964,2.9349,2.0031,2.7929,2.7738,3.6956,3.0216,3.2707,2.3136,3.6059,4.8663,1.0162,2.7865,1.4448,2.6608,2.2585,3.0447,2.9943,1.8754,3.1275,1.9482,2.3825,1.5745,1.4075,1.7317,2.0432,1.743,2.063,3.2736
1.9936,2.3737,NA,2.04,1.6263,2.6782,1.7896,1.7368,2.8436,1.7939,1.9167,2.4201,2.0125,2.0579,2.3296,2.1827,2.1058,NA,2.482,1.5237,1.8024,2.1165,2.5072,2.2719,1.8967,1.9993,1.6262,2.3263,2.2744,2.2016
1.1507,2.5694,2.5456,1.9614,1.8461,1.5726,1.4837,0.36161,1.8187,2.0699,2.4304,1.5409,1.3186,1.9471,1.5103,3.357,1.8915,1.1513,0.93798,1.4238,1.3335,1.4992,1.8677,1.7,2.3467,1.152,1.7088,1.6875,1.8428,1.6339
2.098,2.1446,2.6419,2.1236,1.5227,1.2782,1.2929,1.6399,1.3763,1.9498,1.0752,1.7487,1.0275,1.2294,3.2704,1.0812,1.054,1.7499,1.511,1.1909,1.2636,2.7756,2.4241,2.0693,2.0855,1.8256,2.5794,1.0928,1.3463,1.9167
1.2924,1.8408,2.4163,2.731,1.8201,1.3475,1.9207,3.53,1.9932,1.2683,1.4008,1.1442,1.4279,1.3968,1.2522,1.799,3.2488,2.5624,1.6565,1.66,1.8747,2.2721,1.0942,1.1056,3.6558,1.3233,1.0009,0.96201,2.7893,1.8503
0.83886,1.5911,1.4547,1.7977,2.2032,0.82924,3.0138,1.5986,2.0408,1.1186,1.4211,2.3255,1.3935,0.62586,2.5603,1.7436,0.82981,0.89018,0.61088,0.5921,0.59894,0.76741,1.0148,0.66938,1.3108,1.0905,0.82621,1.5617,1.2258,1.2656
1.495,1.4191,2.2273,NA,1.4372,1.7589,2.0149,1.3405,2.6894,1.5902,3.1013,2.0864,1.7374,0.88944,1.3853,1.8035,0.54176,2.2607,1.5361,1.4352,1.679,2.0905,0.9382,1.0942,1.1533,1.2683,2.113,0.5973,1.6728,1.4321
3.7919,1.9039,4.3999,5.012,2.5715,4.5005,1.1452,2.5096,1.949,2.9779,2.4165,3.1662,1.262,2.8582,3.2651,2.9254,1.4111,4.819,1.6059,0.9844,1.6823,2.4699,1.3893,2.9591,0.77412,1.7518,1.7927,1.2094,4.2351,1.4101
1.1658,1.0489,1.2907,0.9497,1.4712,1.5791,1.0389,0.93896,1.365,1.4129,0.87299,0.63016,0.91835,1.0445,2.3559,4.0043,1.6257,3.181,1.008,0.95955,0.7572,0.93853,1.2078,3.439,0.831,3.9468,0.66057,3.093,0.5481,0.71132
1.4009,1.3075,1.2275,1.881,3.4039,1.9158,1.7102,1.5953,1.6205,1.6668,0.99398,1.1237,1.1289,0.99035,2.2626,1.0808,2.2104,1.3716,1.0102,2.102,4.7847,NA,1.2591,2.6777,2.1399,1.1923,1.1534,1.1285,1.5167,1.553
1.4367,2.9422,1.2514,1.5144,1.0604,0.68096,2.3852,0.69195,2.1721,1.3149,1.9217,2.6185,3.4338,0.59329,0.81672,2.4991,1.1907,0.80827,1.3354,0.66767,0.29981,1.4673,1.1037,0.84287,1.2221,0.50932,1.6787,1.4311,1.6622,0.58611
1.182,1.6928,2.7733,1.5965,2.5324,2.0269,1.5095,0.88606,1.8529,2.6759,2.4426,1.0295,1.2958,1.2408,2.0141,1.5114,0.91358,0.80413,1.1623,1.1523,2.5774,1.1735,1.4145,0.77485,1.0566,1.1194,3.4543,3.6515,2.3031,0.95893
1.327,1.8789,2.3018,2.6487,2.7135,1.3651,1.3157,1.0873,1.178,1.6315,1.162,1.2481,1.6834,2.4705,1.1225,1.2926,1.4761,1.198,0.93898,1.2945,1.2791,1.1717,3.1751,1.2152,1.0538,1.435,1.7627,1.1862,1.2117,1.2334
1.7219,1.2557,1.5842,1.8837,1.6385,1.7579,2.198,1.2853,2.1058,0.76098,1.6505,1.2104,1.3595,1.2335,1.419,1.2209,2.0335,1.336,1.116,1.4035,1.7378,1.1298,0.89616,1.4291,1.4902,1.6969,0.88233,2.0889,1.6862,0.87341
1.4609,1.3429,4.7338,3.0203,2.682,1.5192,3.0693,1.8807,2.1481,3.7179,3.4492,0.92927,2.6558,2.2578,1.288,1.6921,1.4594,3.5369,0.69817,1.3578,1.3422,2.5379,1.1687,0.90536,1.9384,1.6676,2.8851,1.3911,2.0089,NA
1.6286,2.6152,2.6756,2.1356,3.4039,2.0942,2.969,2.1123,2.387,1.8796,4.1739,2.7236,1.7158,2.1076,1.552,1.7568,1.8082,2.4282,1.2655,1.913,2.938,1.674,1.6226,1.5351,1.6615,1.2299,1.7157,3.0601,2.4372,1.3985
0.57818,0.89862,2.7267,NA,2.5993,2.8947,0.97028,0.9534,1.6563,1.079,2.233,1.522,1.3646,1.4314,NA,2.1938,1.1975,0.8083,1.0311,0.19605,0.52919,1.8435,0.85025,0.51083,1.0568,1.0665,0.93626,1.1224,2.7395,1.9307
2.6941,2.2238,1.6354,2.6577,1.6063,2.4576,2.9946,1.8244,2.0925,1.4603,2.4379,1.5847,1.703,1.4077,2.2711,3.1134,2.0475,1.7438,1.8016,1.8028,1.6696,1.7316,1.5442,1.0533,1.7126,1.0328,2.3429,1.7984,2.6526,1.937
0.89109,1.4944,2.5751,1.499,1.2202,1.5462,1.1057,1.8105,1.551,0.63854,1.8797,0.6653,2.6838,1.2567,2.47,1.2488,1.6211,1.6311,1.4872,1.3048,3.0611,1.1774,1.7756,1.1022,0.75618,1.1401,2.0972,1.068,1.9372,0.98981
1.0507,1.1439,1.4951,NA,2.1872,1.7272,2.1077,3.6742,1.3595,2.6151,1.4795,1.4372,2.4522,1.3337,2.3504,0.97157,1.8491,1.381,1.3047,1.7063,1.2601,4.0366,1.213,2.1859,2.0837,1.2658,1.9672,1.1158,1.1008,1.9437
1.0083,1.4281,1.4951,2.3463,3.1825,0.93121,1.5945,1.7102,1.3449,1.0116,2.6745,1.6346,1.0919,1.4356,1.6591,0.96019,1.6126,2.636,2.7834,1.2723,1.9469,1.1409,1.4309,3.5221,1.5051,1.3945,1.314,1.3505,2.6443,1.4926
1.5411,2.8525,1.8691,1.7327,2.2357,NA,2.8644,2.5154,1.837,1.9819,5.1685,1.0347,2.0615,1.9911,1.9669,0.97459,2.0189,3.354,2.1881,0.81106,0.90503,0.2441,1.2448,1.9908,2.2764,0.95443,1.9808,2.617,0.10167,0.93957
1.3966,1.0395,0.72162,NA,1.2241,1.387,1.0345,1.3546,1.2655,0.63735,2.7953,0.93455,NA,0.57554,1.0666,0.50708,1.0829,0.42021,0.99778,1.1442,0.43626,0.61021,0.6105,0.38737,0.37648,0.55036,0.4661,0.61773,0.44972,0.36703
2.2697,1.6112,2.8305,2.1194,2.4033,1.8467,1.8204,1.7366,1.5308,2.9446,1.1874,1.9203,1.6641,1.79,2.4384,1.7252,1.9037,2.3896,1.3155,2.3142,1.9284,1.8174,2.3166,1.9523,1.866,2.4633,1.8037,2.3742,1.5026,2.018
1.5279,1.7599,1.5004,1.8181,2.1659,1.2057,1.9943,1.5088,2.1455,2.4109,1.3381,1.4146,1.1172,1.8447,1.1663,1.6679,3.0691,1.709,1.4729,3.6312,2.8658,NA,2.1073,2.3551,1.4201,1.3581,1.9104,1.2938,2.2731,3.9864
1.3012,2.6358,2.1076,2.5626,1.7672,1.4325,1.389,2.2387,2.0356,2.8148,2.1629,2.2077,2.2198,1.5811,1.2948,1.3353,1.2931,1.2389,3.0829,1.6215,1.724,2.4115,1.7971,2.0921,0.9508,1.7778,1.7136,1.2003,2.0313,1.8777
2.4602,1.8116,1.6807,1.3108,1.6592,1.4133,1.7701,2.9999,1.4743,1.508,0.9025,1.0267,1.7307,1.9101,2.0984,2.3021,2.259,1.1366,1.485,1.7896,1.4655,1.4597,1.6744,1.8662,1.1525,1.3277,1.358,1.2929,1.2384,1.1914